-- =============================================================================
-- 珍护1段(MOCK_YLP001) · 1年全国仓储与销售 Mock 数据 · Batch 1
-- 生成: generate_yl_zhenhu1_year.py
-- =============================================================================
-- =============================================================================
-- 珍护1段 · 全国销售仓 · 12个月销售计划 (yl_sales_plan)
-- =============================================================================
DELETE FROM yl_sales_plan WHERE product_code = 'MOCK_YLP001';

INSERT INTO yl_sales_plan (
    ds, plan_year, plan_month, product_code, product_name, site_code, site_name, site_type,
    plan_num, next_plan_num, avg_plan_num, next_avg_plan_num, remark
) VALUES
('2025-07-01', 2025, 7, 'MOCK_YLP001', '金领冠珍护1段婴儿配方奶粉(测试)', 'MOCK_WH_S01', '合肥销售仓', 1, 4675.00000, 4950.00000, 150.80645, 159.67742, '2025年7月合肥销售仓计划'),
('2025-07-01', 2025, 7, 'MOCK_YLP001', '金领冠珍护1段婴儿配方奶粉(测试)', 'MOCK_WH_S02', '天津销售仓', 1, 5100.00000, 5400.00000, 164.51613, 174.19355, '2025年7月天津销售仓计划'),
('2025-07-01', 2025, 7, 'MOCK_YLP001', '金领冠珍护1段婴儿配方奶粉(测试)', 'MOCK_WH_S03', '广州销售仓', 1, 8500.00000, 9000.00000, 274.19355, 290.32258, '2025年7月广州销售仓计划'),
('2025-07-01', 2025, 7, 'MOCK_YLP001', '金领冠珍护1段婴儿配方奶粉(测试)', 'MOCK_WH_S04', '郑州销售仓', 1, 5950.00000, 6300.00000, 191.93548, 203.22581, '2025年7月郑州销售仓计划'),
('2025-07-01', 2025, 7, 'MOCK_YLP001', '金领冠珍护1段婴儿配方奶粉(测试)', 'MOCK_WH_S05', '成都销售仓', 1, 5100.00000, 5400.00000, 164.51613, 174.19355, '2025年7月成都销售仓计划'),
('2025-07-01', 2025, 7, 'MOCK_YLP001', '金领冠珍护1段婴儿配方奶粉(测试)', 'MOCK_WH_S06', '武汉销售仓', 1, 5780.00000, 6120.00000, 186.45161, 197.41935, '2025年7月武汉销售仓计划'),
('2025-07-01', 2025, 7, 'MOCK_YLP001', '金领冠珍护1段婴儿配方奶粉(测试)', 'MOCK_WH_S07', '呼市销售仓', 1, 3825.00000, 4050.00000, 123.38710, 130.64516, '2025年7月呼市销售仓计划'),
('2025-07-01', 2025, 7, 'MOCK_YLP001', '金领冠珍护1段婴儿配方奶粉(测试)', 'MOCK_WH_S08', '济南销售仓', 1, 6375.00000, 6750.00000, 205.64516, 217.74194, '2025年7月济南销售仓计划'),
('2025-07-01', 2025, 7, 'MOCK_YLP001', '金领冠珍护1段婴儿配方奶粉(测试)', 'MOCK_WH_S09', '柳州销售仓', 1, 2975.00000, 3150.00000, 95.96774, 101.61290, '2025年7月柳州销售仓计划'),
('2025-08-01', 2025, 8, 'MOCK_YLP001', '金领冠珍护1段婴儿配方奶粉(测试)', 'MOCK_WH_S01', '合肥销售仓', 1, 4950.00000, 5500.00000, 159.67742, 183.33333, '2025年8月合肥销售仓计划'),
('2025-08-01', 2025, 8, 'MOCK_YLP001', '金领冠珍护1段婴儿配方奶粉(测试)', 'MOCK_WH_S02', '天津销售仓', 1, 5400.00000, 6000.00000, 174.19355, 200.00000, '2025年8月天津销售仓计划'),
('2025-08-01', 2025, 8, 'MOCK_YLP001', '金领冠珍护1段婴儿配方奶粉(测试)', 'MOCK_WH_S03', '广州销售仓', 1, 9000.00000, 10000.00000, 290.32258, 333.33333, '2025年8月广州销售仓计划'),
('2025-08-01', 2025, 8, 'MOCK_YLP001', '金领冠珍护1段婴儿配方奶粉(测试)', 'MOCK_WH_S04', '郑州销售仓', 1, 6300.00000, 7000.00000, 203.22581, 233.33333, '2025年8月郑州销售仓计划'),
('2025-08-01', 2025, 8, 'MOCK_YLP001', '金领冠珍护1段婴儿配方奶粉(测试)', 'MOCK_WH_S05', '成都销售仓', 1, 5400.00000, 6000.00000, 174.19355, 200.00000, '2025年8月成都销售仓计划'),
('2025-08-01', 2025, 8, 'MOCK_YLP001', '金领冠珍护1段婴儿配方奶粉(测试)', 'MOCK_WH_S06', '武汉销售仓', 1, 6120.00000, 6800.00000, 197.41935, 226.66667, '2025年8月武汉销售仓计划'),
('2025-08-01', 2025, 8, 'MOCK_YLP001', '金领冠珍护1段婴儿配方奶粉(测试)', 'MOCK_WH_S07', '呼市销售仓', 1, 4050.00000, 4500.00000, 130.64516, 150.00000, '2025年8月呼市销售仓计划'),
('2025-08-01', 2025, 8, 'MOCK_YLP001', '金领冠珍护1段婴儿配方奶粉(测试)', 'MOCK_WH_S08', '济南销售仓', 1, 6750.00000, 7500.00000, 217.74194, 250.00000, '2025年8月济南销售仓计划'),
('2025-08-01', 2025, 8, 'MOCK_YLP001', '金领冠珍护1段婴儿配方奶粉(测试)', 'MOCK_WH_S09', '柳州销售仓', 1, 3150.00000, 3500.00000, 101.61290, 116.66667, '2025年8月柳州销售仓计划'),
('2025-09-01', 2025, 9, 'MOCK_YLP001', '金领冠珍护1段婴儿配方奶粉(测试)', 'MOCK_WH_S01', '合肥销售仓', 1, 5500.00000, 5775.00000, 183.33333, 186.29032, '2025年9月合肥销售仓计划'),
('2025-09-01', 2025, 9, 'MOCK_YLP001', '金领冠珍护1段婴儿配方奶粉(测试)', 'MOCK_WH_S02', '天津销售仓', 1, 6000.00000, 6300.00000, 200.00000, 203.22581, '2025年9月天津销售仓计划'),
('2025-09-01', 2025, 9, 'MOCK_YLP001', '金领冠珍护1段婴儿配方奶粉(测试)', 'MOCK_WH_S03', '广州销售仓', 1, 10000.00000, 10500.00000, 333.33333, 338.70968, '2025年9月广州销售仓计划'),
('2025-09-01', 2025, 9, 'MOCK_YLP001', '金领冠珍护1段婴儿配方奶粉(测试)', 'MOCK_WH_S04', '郑州销售仓', 1, 7000.00000, 7350.00000, 233.33333, 237.09677, '2025年9月郑州销售仓计划'),
('2025-09-01', 2025, 9, 'MOCK_YLP001', '金领冠珍护1段婴儿配方奶粉(测试)', 'MOCK_WH_S05', '成都销售仓', 1, 6000.00000, 6300.00000, 200.00000, 203.22581, '2025年9月成都销售仓计划'),
('2025-09-01', 2025, 9, 'MOCK_YLP001', '金领冠珍护1段婴儿配方奶粉(测试)', 'MOCK_WH_S06', '武汉销售仓', 1, 6800.00000, 7140.00000, 226.66667, 230.32258, '2025年9月武汉销售仓计划'),
('2025-09-01', 2025, 9, 'MOCK_YLP001', '金领冠珍护1段婴儿配方奶粉(测试)', 'MOCK_WH_S07', '呼市销售仓', 1, 4500.00000, 4725.00000, 150.00000, 152.41935, '2025年9月呼市销售仓计划'),
('2025-09-01', 2025, 9, 'MOCK_YLP001', '金领冠珍护1段婴儿配方奶粉(测试)', 'MOCK_WH_S08', '济南销售仓', 1, 7500.00000, 7875.00000, 250.00000, 254.03226, '2025年9月济南销售仓计划'),
('2025-09-01', 2025, 9, 'MOCK_YLP001', '金领冠珍护1段婴儿配方奶粉(测试)', 'MOCK_WH_S09', '柳州销售仓', 1, 3500.00000, 3675.00000, 116.66667, 118.54839, '2025年9月柳州销售仓计划'),
('2025-10-01', 2025, 10, 'MOCK_YLP001', '金领冠珍护1段婴儿配方奶粉(测试)', 'MOCK_WH_S01', '合肥销售仓', 1, 5775.00000, 7700.00000, 186.29032, 256.66667, '2025年10月合肥销售仓计划'),
('2025-10-01', 2025, 10, 'MOCK_YLP001', '金领冠珍护1段婴儿配方奶粉(测试)', 'MOCK_WH_S02', '天津销售仓', 1, 6300.00000, 8400.00000, 203.22581, 280.00000, '2025年10月天津销售仓计划'),
('2025-10-01', 2025, 10, 'MOCK_YLP001', '金领冠珍护1段婴儿配方奶粉(测试)', 'MOCK_WH_S03', '广州销售仓', 1, 10500.00000, 14000.00000, 338.70968, 466.66667, '2025年10月广州销售仓计划'),
('2025-10-01', 2025, 10, 'MOCK_YLP001', '金领冠珍护1段婴儿配方奶粉(测试)', 'MOCK_WH_S04', '郑州销售仓', 1, 7350.00000, 9800.00000, 237.09677, 326.66667, '2025年10月郑州销售仓计划'),
('2025-10-01', 2025, 10, 'MOCK_YLP001', '金领冠珍护1段婴儿配方奶粉(测试)', 'MOCK_WH_S05', '成都销售仓', 1, 6300.00000, 8400.00000, 203.22581, 280.00000, '2025年10月成都销售仓计划'),
('2025-10-01', 2025, 10, 'MOCK_YLP001', '金领冠珍护1段婴儿配方奶粉(测试)', 'MOCK_WH_S06', '武汉销售仓', 1, 7140.00000, 9520.00000, 230.32258, 317.33333, '2025年10月武汉销售仓计划'),
('2025-10-01', 2025, 10, 'MOCK_YLP001', '金领冠珍护1段婴儿配方奶粉(测试)', 'MOCK_WH_S07', '呼市销售仓', 1, 4725.00000, 6300.00000, 152.41935, 210.00000, '2025年10月呼市销售仓计划'),
('2025-10-01', 2025, 10, 'MOCK_YLP001', '金领冠珍护1段婴儿配方奶粉(测试)', 'MOCK_WH_S08', '济南销售仓', 1, 7875.00000, 10500.00000, 254.03226, 350.00000, '2025年10月济南销售仓计划'),
('2025-10-01', 2025, 10, 'MOCK_YLP001', '金领冠珍护1段婴儿配方奶粉(测试)', 'MOCK_WH_S09', '柳州销售仓', 1, 3675.00000, 4900.00000, 118.54839, 163.33333, '2025年10月柳州销售仓计划'),
('2025-11-01', 2025, 11, 'MOCK_YLP001', '金领冠珍护1段婴儿配方奶粉(测试)', 'MOCK_WH_S01', '合肥销售仓', 1, 7700.00000, 6325.00000, 256.66667, 204.03226, '2025年11月合肥销售仓计划'),
('2025-11-01', 2025, 11, 'MOCK_YLP001', '金领冠珍护1段婴儿配方奶粉(测试)', 'MOCK_WH_S02', '天津销售仓', 1, 8400.00000, 6900.00000, 280.00000, 222.58065, '2025年11月天津销售仓计划'),
('2025-11-01', 2025, 11, 'MOCK_YLP001', '金领冠珍护1段婴儿配方奶粉(测试)', 'MOCK_WH_S03', '广州销售仓', 1, 14000.00000, 11500.00000, 466.66667, 370.96774, '2025年11月广州销售仓计划'),
('2025-11-01', 2025, 11, 'MOCK_YLP001', '金领冠珍护1段婴儿配方奶粉(测试)', 'MOCK_WH_S04', '郑州销售仓', 1, 9800.00000, 8050.00000, 326.66667, 259.67742, '2025年11月郑州销售仓计划'),
('2025-11-01', 2025, 11, 'MOCK_YLP001', '金领冠珍护1段婴儿配方奶粉(测试)', 'MOCK_WH_S05', '成都销售仓', 1, 8400.00000, 6900.00000, 280.00000, 222.58065, '2025年11月成都销售仓计划'),
('2025-11-01', 2025, 11, 'MOCK_YLP001', '金领冠珍护1段婴儿配方奶粉(测试)', 'MOCK_WH_S06', '武汉销售仓', 1, 9520.00000, 7820.00000, 317.33333, 252.25806, '2025年11月武汉销售仓计划'),
('2025-11-01', 2025, 11, 'MOCK_YLP001', '金领冠珍护1段婴儿配方奶粉(测试)', 'MOCK_WH_S07', '呼市销售仓', 1, 6300.00000, 5175.00000, 210.00000, 166.93548, '2025年11月呼市销售仓计划'),
('2025-11-01', 2025, 11, 'MOCK_YLP001', '金领冠珍护1段婴儿配方奶粉(测试)', 'MOCK_WH_S08', '济南销售仓', 1, 10500.00000, 8625.00000, 350.00000, 278.22581, '2025年11月济南销售仓计划'),
('2025-11-01', 2025, 11, 'MOCK_YLP001', '金领冠珍护1段婴儿配方奶粉(测试)', 'MOCK_WH_S09', '柳州销售仓', 1, 4900.00000, 4025.00000, 163.33333, 129.83871, '2025年11月柳州销售仓计划'),
('2025-12-01', 2025, 12, 'MOCK_YLP001', '金领冠珍护1段婴儿配方奶粉(测试)', 'MOCK_WH_S01', '合肥销售仓', 1, 6325.00000, 7425.00000, 204.03226, 239.51613, '2025年12月合肥销售仓计划'),
('2025-12-01', 2025, 12, 'MOCK_YLP001', '金领冠珍护1段婴儿配方奶粉(测试)', 'MOCK_WH_S02', '天津销售仓', 1, 6900.00000, 8100.00000, 222.58065, 261.29032, '2025年12月天津销售仓计划'),
('2025-12-01', 2025, 12, 'MOCK_YLP001', '金领冠珍护1段婴儿配方奶粉(测试)', 'MOCK_WH_S03', '广州销售仓', 1, 11500.00000, 13500.00000, 370.96774, 435.48387, '2025年12月广州销售仓计划'),
('2025-12-01', 2025, 12, 'MOCK_YLP001', '金领冠珍护1段婴儿配方奶粉(测试)', 'MOCK_WH_S04', '郑州销售仓', 1, 8050.00000, 9450.00000, 259.67742, 304.83871, '2025年12月郑州销售仓计划'),
('2025-12-01', 2025, 12, 'MOCK_YLP001', '金领冠珍护1段婴儿配方奶粉(测试)', 'MOCK_WH_S05', '成都销售仓', 1, 6900.00000, 8100.00000, 222.58065, 261.29032, '2025年12月成都销售仓计划'),
('2025-12-01', 2025, 12, 'MOCK_YLP001', '金领冠珍护1段婴儿配方奶粉(测试)', 'MOCK_WH_S06', '武汉销售仓', 1, 7820.00000, 9180.00000, 252.25806, 296.12903, '2025年12月武汉销售仓计划'),
('2025-12-01', 2025, 12, 'MOCK_YLP001', '金领冠珍护1段婴儿配方奶粉(测试)', 'MOCK_WH_S07', '呼市销售仓', 1, 5175.00000, 6075.00000, 166.93548, 195.96774, '2025年12月呼市销售仓计划'),
('2025-12-01', 2025, 12, 'MOCK_YLP001', '金领冠珍护1段婴儿配方奶粉(测试)', 'MOCK_WH_S08', '济南销售仓', 1, 8625.00000, 10125.00000, 278.22581, 326.61290, '2025年12月济南销售仓计划'),
('2025-12-01', 2025, 12, 'MOCK_YLP001', '金领冠珍护1段婴儿配方奶粉(测试)', 'MOCK_WH_S09', '柳州销售仓', 1, 4025.00000, 4725.00000, 129.83871, 152.41935, '2025年12月柳州销售仓计划'),
('2026-01-01', 2026, 1, 'MOCK_YLP001', '金领冠珍护1段婴儿配方奶粉(测试)', 'MOCK_WH_S01', '合肥销售仓', 1, 7425.00000, 6600.00000, 239.51613, 235.71429, '2026年1月合肥销售仓计划'),
('2026-01-01', 2026, 1, 'MOCK_YLP001', '金领冠珍护1段婴儿配方奶粉(测试)', 'MOCK_WH_S02', '天津销售仓', 1, 8100.00000, 7200.00000, 261.29032, 257.14286, '2026年1月天津销售仓计划'),
('2026-01-01', 2026, 1, 'MOCK_YLP001', '金领冠珍护1段婴儿配方奶粉(测试)', 'MOCK_WH_S03', '广州销售仓', 1, 13500.00000, 12000.00000, 435.48387, 428.57143, '2026年1月广州销售仓计划'),
('2026-01-01', 2026, 1, 'MOCK_YLP001', '金领冠珍护1段婴儿配方奶粉(测试)', 'MOCK_WH_S04', '郑州销售仓', 1, 9450.00000, 8400.00000, 304.83871, 300.00000, '2026年1月郑州销售仓计划'),
('2026-01-01', 2026, 1, 'MOCK_YLP001', '金领冠珍护1段婴儿配方奶粉(测试)', 'MOCK_WH_S05', '成都销售仓', 1, 8100.00000, 7200.00000, 261.29032, 257.14286, '2026年1月成都销售仓计划'),
('2026-01-01', 2026, 1, 'MOCK_YLP001', '金领冠珍护1段婴儿配方奶粉(测试)', 'MOCK_WH_S06', '武汉销售仓', 1, 9180.00000, 8160.00000, 296.12903, 291.42857, '2026年1月武汉销售仓计划'),
('2026-01-01', 2026, 1, 'MOCK_YLP001', '金领冠珍护1段婴儿配方奶粉(测试)', 'MOCK_WH_S07', '呼市销售仓', 1, 6075.00000, 5400.00000, 195.96774, 192.85714, '2026年1月呼市销售仓计划'),
('2026-01-01', 2026, 1, 'MOCK_YLP001', '金领冠珍护1段婴儿配方奶粉(测试)', 'MOCK_WH_S08', '济南销售仓', 1, 10125.00000, 9000.00000, 326.61290, 321.42857, '2026年1月济南销售仓计划'),
('2026-01-01', 2026, 1, 'MOCK_YLP001', '金领冠珍护1段婴儿配方奶粉(测试)', 'MOCK_WH_S09', '柳州销售仓', 1, 4725.00000, 4200.00000, 152.41935, 150.00000, '2026年1月柳州销售仓计划'),
('2026-02-01', 2026, 2, 'MOCK_YLP001', '金领冠珍护1段婴儿配方奶粉(测试)', 'MOCK_WH_S01', '合肥销售仓', 1, 6600.00000, 5225.00000, 235.71429, 168.54839, '2026年2月合肥销售仓计划'),
('2026-02-01', 2026, 2, 'MOCK_YLP001', '金领冠珍护1段婴儿配方奶粉(测试)', 'MOCK_WH_S02', '天津销售仓', 1, 7200.00000, 5700.00000, 257.14286, 183.87097, '2026年2月天津销售仓计划'),
('2026-02-01', 2026, 2, 'MOCK_YLP001', '金领冠珍护1段婴儿配方奶粉(测试)', 'MOCK_WH_S03', '广州销售仓', 1, 12000.00000, 9500.00000, 428.57143, 306.45161, '2026年2月广州销售仓计划'),
('2026-02-01', 2026, 2, 'MOCK_YLP001', '金领冠珍护1段婴儿配方奶粉(测试)', 'MOCK_WH_S04', '郑州销售仓', 1, 8400.00000, 6650.00000, 300.00000, 214.51613, '2026年2月郑州销售仓计划'),
('2026-02-01', 2026, 2, 'MOCK_YLP001', '金领冠珍护1段婴儿配方奶粉(测试)', 'MOCK_WH_S05', '成都销售仓', 1, 7200.00000, 5700.00000, 257.14286, 183.87097, '2026年2月成都销售仓计划'),
('2026-02-01', 2026, 2, 'MOCK_YLP001', '金领冠珍护1段婴儿配方奶粉(测试)', 'MOCK_WH_S06', '武汉销售仓', 1, 8160.00000, 6460.00000, 291.42857, 208.38710, '2026年2月武汉销售仓计划'),
('2026-02-01', 2026, 2, 'MOCK_YLP001', '金领冠珍护1段婴儿配方奶粉(测试)', 'MOCK_WH_S07', '呼市销售仓', 1, 5400.00000, 4275.00000, 192.85714, 137.90323, '2026年2月呼市销售仓计划'),
('2026-02-01', 2026, 2, 'MOCK_YLP001', '金领冠珍护1段婴儿配方奶粉(测试)', 'MOCK_WH_S08', '济南销售仓', 1, 9000.00000, 7125.00000, 321.42857, 229.83871, '2026年2月济南销售仓计划'),
('2026-02-01', 2026, 2, 'MOCK_YLP001', '金领冠珍护1段婴儿配方奶粉(测试)', 'MOCK_WH_S09', '柳州销售仓', 1, 4200.00000, 3325.00000, 150.00000, 107.25806, '2026年2月柳州销售仓计划'),
('2026-03-01', 2026, 3, 'MOCK_YLP001', '金领冠珍护1段婴儿配方奶粉(测试)', 'MOCK_WH_S01', '合肥销售仓', 1, 5225.00000, 4950.00000, 168.54839, 165.00000, '2026年3月合肥销售仓计划'),
('2026-03-01', 2026, 3, 'MOCK_YLP001', '金领冠珍护1段婴儿配方奶粉(测试)', 'MOCK_WH_S02', '天津销售仓', 1, 5700.00000, 5400.00000, 183.87097, 180.00000, '2026年3月天津销售仓计划'),
('2026-03-01', 2026, 3, 'MOCK_YLP001', '金领冠珍护1段婴儿配方奶粉(测试)', 'MOCK_WH_S03', '广州销售仓', 1, 9500.00000, 9000.00000, 306.45161, 300.00000, '2026年3月广州销售仓计划'),
('2026-03-01', 2026, 3, 'MOCK_YLP001', '金领冠珍护1段婴儿配方奶粉(测试)', 'MOCK_WH_S04', '郑州销售仓', 1, 6650.00000, 6300.00000, 214.51613, 210.00000, '2026年3月郑州销售仓计划'),
('2026-03-01', 2026, 3, 'MOCK_YLP001', '金领冠珍护1段婴儿配方奶粉(测试)', 'MOCK_WH_S05', '成都销售仓', 1, 5700.00000, 5400.00000, 183.87097, 180.00000, '2026年3月成都销售仓计划'),
('2026-03-01', 2026, 3, 'MOCK_YLP001', '金领冠珍护1段婴儿配方奶粉(测试)', 'MOCK_WH_S06', '武汉销售仓', 1, 6460.00000, 6120.00000, 208.38710, 204.00000, '2026年3月武汉销售仓计划'),
('2026-03-01', 2026, 3, 'MOCK_YLP001', '金领冠珍护1段婴儿配方奶粉(测试)', 'MOCK_WH_S07', '呼市销售仓', 1, 4275.00000, 4050.00000, 137.90323, 135.00000, '2026年3月呼市销售仓计划'),
('2026-03-01', 2026, 3, 'MOCK_YLP001', '金领冠珍护1段婴儿配方奶粉(测试)', 'MOCK_WH_S08', '济南销售仓', 1, 7125.00000, 6750.00000, 229.83871, 225.00000, '2026年3月济南销售仓计划'),
('2026-03-01', 2026, 3, 'MOCK_YLP001', '金领冠珍护1段婴儿配方奶粉(测试)', 'MOCK_WH_S09', '柳州销售仓', 1, 3325.00000, 3150.00000, 107.25806, 105.00000, '2026年3月柳州销售仓计划'),
('2026-04-01', 2026, 4, 'MOCK_YLP001', '金领冠珍护1段婴儿配方奶粉(测试)', 'MOCK_WH_S01', '合肥销售仓', 1, 4950.00000, 6875.00000, 165.00000, 221.77419, '2026年4月合肥销售仓计划'),
('2026-04-01', 2026, 4, 'MOCK_YLP001', '金领冠珍护1段婴儿配方奶粉(测试)', 'MOCK_WH_S02', '天津销售仓', 1, 5400.00000, 7500.00000, 180.00000, 241.93548, '2026年4月天津销售仓计划'),
('2026-04-01', 2026, 4, 'MOCK_YLP001', '金领冠珍护1段婴儿配方奶粉(测试)', 'MOCK_WH_S03', '广州销售仓', 1, 9000.00000, 12500.00000, 300.00000, 403.22581, '2026年4月广州销售仓计划'),
('2026-04-01', 2026, 4, 'MOCK_YLP001', '金领冠珍护1段婴儿配方奶粉(测试)', 'MOCK_WH_S04', '郑州销售仓', 1, 6300.00000, 8750.00000, 210.00000, 282.25806, '2026年4月郑州销售仓计划'),
('2026-04-01', 2026, 4, 'MOCK_YLP001', '金领冠珍护1段婴儿配方奶粉(测试)', 'MOCK_WH_S05', '成都销售仓', 1, 5400.00000, 7500.00000, 180.00000, 241.93548, '2026年4月成都销售仓计划'),
('2026-04-01', 2026, 4, 'MOCK_YLP001', '金领冠珍护1段婴儿配方奶粉(测试)', 'MOCK_WH_S06', '武汉销售仓', 1, 6120.00000, 8500.00000, 204.00000, 274.19355, '2026年4月武汉销售仓计划'),
('2026-04-01', 2026, 4, 'MOCK_YLP001', '金领冠珍护1段婴儿配方奶粉(测试)', 'MOCK_WH_S07', '呼市销售仓', 1, 4050.00000, 5625.00000, 135.00000, 181.45161, '2026年4月呼市销售仓计划'),
('2026-04-01', 2026, 4, 'MOCK_YLP001', '金领冠珍护1段婴儿配方奶粉(测试)', 'MOCK_WH_S08', '济南销售仓', 1, 6750.00000, 9375.00000, 225.00000, 302.41935, '2026年4月济南销售仓计划'),
('2026-04-01', 2026, 4, 'MOCK_YLP001', '金领冠珍护1段婴儿配方奶粉(测试)', 'MOCK_WH_S09', '柳州销售仓', 1, 3150.00000, 4375.00000, 105.00000, 141.12903, '2026年4月柳州销售仓计划'),
('2026-05-01', 2026, 5, 'MOCK_YLP001', '金领冠珍护1段婴儿配方奶粉(测试)', 'MOCK_WH_S01', '合肥销售仓', 1, 6875.00000, 7975.00000, 221.77419, 265.83333, '2026年5月合肥销售仓计划'),
('2026-05-01', 2026, 5, 'MOCK_YLP001', '金领冠珍护1段婴儿配方奶粉(测试)', 'MOCK_WH_S02', '天津销售仓', 1, 7500.00000, 8700.00000, 241.93548, 290.00000, '2026年5月天津销售仓计划'),
('2026-05-01', 2026, 5, 'MOCK_YLP001', '金领冠珍护1段婴儿配方奶粉(测试)', 'MOCK_WH_S03', '广州销售仓', 1, 12500.00000, 14500.00000, 403.22581, 483.33333, '2026年5月广州销售仓计划'),
('2026-05-01', 2026, 5, 'MOCK_YLP001', '金领冠珍护1段婴儿配方奶粉(测试)', 'MOCK_WH_S04', '郑州销售仓', 1, 8750.00000, 10150.00000, 282.25806, 338.33333, '2026年5月郑州销售仓计划'),
('2026-05-01', 2026, 5, 'MOCK_YLP001', '金领冠珍护1段婴儿配方奶粉(测试)', 'MOCK_WH_S05', '成都销售仓', 1, 7500.00000, 8700.00000, 241.93548, 290.00000, '2026年5月成都销售仓计划'),
('2026-05-01', 2026, 5, 'MOCK_YLP001', '金领冠珍护1段婴儿配方奶粉(测试)', 'MOCK_WH_S06', '武汉销售仓', 1, 8500.00000, 9860.00000, 274.19355, 328.66667, '2026年5月武汉销售仓计划'),
('2026-05-01', 2026, 5, 'MOCK_YLP001', '金领冠珍护1段婴儿配方奶粉(测试)', 'MOCK_WH_S07', '呼市销售仓', 1, 5625.00000, 6525.00000, 181.45161, 217.50000, '2026年5月呼市销售仓计划'),
('2026-05-01', 2026, 5, 'MOCK_YLP001', '金领冠珍护1段婴儿配方奶粉(测试)', 'MOCK_WH_S08', '济南销售仓', 1, 9375.00000, 10875.00000, 302.41935, 362.50000, '2026年5月济南销售仓计划'),
('2026-05-01', 2026, 5, 'MOCK_YLP001', '金领冠珍护1段婴儿配方奶粉(测试)', 'MOCK_WH_S09', '柳州销售仓', 1, 4375.00000, 5075.00000, 141.12903, 169.16667, '2026年5月柳州销售仓计划'),
('2026-06-01', 2026, 6, 'MOCK_YLP001', '金领冠珍护1段婴儿配方奶粉(测试)', 'MOCK_WH_S01', '合肥销售仓', 1, 7975.00000, 4675.00000, 265.83333, 150.80645, '2026年6月合肥销售仓计划'),
('2026-06-01', 2026, 6, 'MOCK_YLP001', '金领冠珍护1段婴儿配方奶粉(测试)', 'MOCK_WH_S02', '天津销售仓', 1, 8700.00000, 5100.00000, 290.00000, 164.51613, '2026年6月天津销售仓计划'),
('2026-06-01', 2026, 6, 'MOCK_YLP001', '金领冠珍护1段婴儿配方奶粉(测试)', 'MOCK_WH_S03', '广州销售仓', 1, 14500.00000, 8500.00000, 483.33333, 274.19355, '2026年6月广州销售仓计划'),
('2026-06-01', 2026, 6, 'MOCK_YLP001', '金领冠珍护1段婴儿配方奶粉(测试)', 'MOCK_WH_S04', '郑州销售仓', 1, 10150.00000, 5950.00000, 338.33333, 191.93548, '2026年6月郑州销售仓计划'),
('2026-06-01', 2026, 6, 'MOCK_YLP001', '金领冠珍护1段婴儿配方奶粉(测试)', 'MOCK_WH_S05', '成都销售仓', 1, 8700.00000, 5100.00000, 290.00000, 164.51613, '2026年6月成都销售仓计划'),
('2026-06-01', 2026, 6, 'MOCK_YLP001', '金领冠珍护1段婴儿配方奶粉(测试)', 'MOCK_WH_S06', '武汉销售仓', 1, 9860.00000, 5780.00000, 328.66667, 186.45161, '2026年6月武汉销售仓计划'),
('2026-06-01', 2026, 6, 'MOCK_YLP001', '金领冠珍护1段婴儿配方奶粉(测试)', 'MOCK_WH_S07', '呼市销售仓', 1, 6525.00000, 3825.00000, 217.50000, 123.38710, '2026年6月呼市销售仓计划'),
('2026-06-01', 2026, 6, 'MOCK_YLP001', '金领冠珍护1段婴儿配方奶粉(测试)', 'MOCK_WH_S08', '济南销售仓', 1, 10875.00000, 6375.00000, 362.50000, 205.64516, '2026年6月济南销售仓计划'),
('2026-06-01', 2026, 6, 'MOCK_YLP001', '金领冠珍护1段婴儿配方奶粉(测试)', 'MOCK_WH_S09', '柳州销售仓', 1, 5075.00000, 2975.00000, 169.16667, 95.96774, '2026年6月柳州销售仓计划');

-- =============================================================================
-- 珍护1段 · 全国销售仓 · 12个月实际销量 (yl_actual_sales)
-- =============================================================================
DELETE FROM yl_actual_sales WHERE product_code = 'MOCK_YLP001';

INSERT INTO yl_actual_sales (
    ds, sell_year, sell_month, product_code, product_name, site_code, site_name, site_type,
    sell_num, out_put_num, sell_num_avg, available_quantity, remark, pick_store, unshipped_orders
) VALUES
('2025-07-31', 2025, 7, 'MOCK_YLP001', '金领冠珍护1段婴儿配方奶粉(测试)', 'MOCK_WH_S01', '合肥销售仓', 1, 4582.00000, 4307.00000, 147.80645, 275.00000, '2025年7月合肥销售仓实绩', 4307.00000, 275.00000),
('2025-07-31', 2025, 7, 'MOCK_YLP001', '金领冠珍护1段婴儿配方奶粉(测试)', 'MOCK_WH_S02', '天津销售仓', 1, 3672.00000, 3479.00000, 118.45161, 193.00000, '2025年7月天津销售仓实绩', 3479.00000, 193.00000),
('2025-07-31', 2025, 7, 'MOCK_YLP001', '金领冠珍护1段婴儿配方奶粉(测试)', 'MOCK_WH_S03', '广州销售仓', 1, 8670.00000, 8150.00000, 279.67742, 520.00000, '2025年7月广州销售仓实绩', 8150.00000, 520.00000),
('2025-07-31', 2025, 7, 'MOCK_YLP001', '金领冠珍护1段婴儿配方奶粉(测试)', 'MOCK_WH_S04', '郑州销售仓', 1, 5950.00000, 5593.00000, 191.93548, 357.00000, '2025年7月郑州销售仓实绩', 5593.00000, 357.00000),
('2025-07-31', 2025, 7, 'MOCK_YLP001', '金领冠珍护1段婴儿配方奶粉(测试)', 'MOCK_WH_S05', '成都销售仓', 1, 5355.00000, 5034.00000, 172.74194, 321.00000, '2025年7月成都销售仓实绩', 5034.00000, 321.00000),
('2025-07-31', 2025, 7, 'MOCK_YLP001', '金领冠珍护1段婴儿配方奶粉(测试)', 'MOCK_WH_S06', '武汉销售仓', 1, 5780.00000, 5433.00000, 186.45161, 347.00000, '2025年7月武汉销售仓实绩', 5433.00000, 347.00000),
('2025-07-31', 2025, 7, 'MOCK_YLP001', '金领冠珍护1段婴儿配方奶粉(测试)', 'MOCK_WH_S07', '呼市销售仓', 1, 2754.00000, 2612.00000, 88.83871, 142.00000, '2025年7月呼市销售仓实绩', 2612.00000, 142.00000),
('2025-07-31', 2025, 7, 'MOCK_YLP001', '金领冠珍护1段婴儿配方奶粉(测试)', 'MOCK_WH_S08', '济南销售仓', 1, 6248.00000, 5873.00000, 201.54839, 375.00000, '2025年7月济南销售仓实绩', 5873.00000, 375.00000),
('2025-07-31', 2025, 7, 'MOCK_YLP001', '金领冠珍护1段婴儿配方奶粉(测试)', 'MOCK_WH_S09', '柳州销售仓', 1, 3034.00000, 2792.00000, 97.87097, 242.00000, '2025年7月柳州销售仓实绩', 2792.00000, 242.00000),
('2025-08-31', 2025, 8, 'MOCK_YLP001', '金领冠珍护1段婴儿配方奶粉(测试)', 'MOCK_WH_S01', '合肥销售仓', 1, 4851.00000, 4560.00000, 156.48387, 291.00000, '2025年8月合肥销售仓实绩', 4560.00000, 291.00000),
('2025-08-31', 2025, 8, 'MOCK_YLP001', '金领冠珍护1段婴儿配方奶粉(测试)', 'MOCK_WH_S02', '天津销售仓', 1, 3888.00000, 3683.00000, 125.41935, 205.00000, '2025年8月天津销售仓实绩', 3683.00000, 205.00000),
('2025-08-31', 2025, 8, 'MOCK_YLP001', '金领冠珍护1段婴儿配方奶粉(测试)', 'MOCK_WH_S03', '广州销售仓', 1, 9180.00000, 8629.00000, 296.12903, 551.00000, '2025年8月广州销售仓实绩', 8629.00000, 551.00000),
('2025-08-31', 2025, 8, 'MOCK_YLP001', '金领冠珍护1段婴儿配方奶粉(测试)', 'MOCK_WH_S04', '郑州销售仓', 1, 6300.00000, 5922.00000, 203.22581, 378.00000, '2025年8月郑州销售仓实绩', 5922.00000, 378.00000),
('2025-08-31', 2025, 8, 'MOCK_YLP001', '金领冠珍护1段婴儿配方奶粉(测试)', 'MOCK_WH_S05', '成都销售仓', 1, 5670.00000, 5330.00000, 182.90323, 340.00000, '2025年8月成都销售仓实绩', 5330.00000, 340.00000),
('2025-08-31', 2025, 8, 'MOCK_YLP001', '金领冠珍护1段婴儿配方奶粉(测试)', 'MOCK_WH_S06', '武汉销售仓', 1, 6120.00000, 5753.00000, 197.41935, 367.00000, '2025年8月武汉销售仓实绩', 5753.00000, 367.00000),
('2025-08-31', 2025, 8, 'MOCK_YLP001', '金领冠珍护1段婴儿配方奶粉(测试)', 'MOCK_WH_S07', '呼市销售仓', 1, 2916.00000, 2766.00000, 94.06452, 150.00000, '2025年8月呼市销售仓实绩', 2766.00000, 150.00000),
('2025-08-31', 2025, 8, 'MOCK_YLP001', '金领冠珍护1段婴儿配方奶粉(测试)', 'MOCK_WH_S08', '济南销售仓', 1, 6615.00000, 6218.00000, 213.38710, 397.00000, '2025年8月济南销售仓实绩', 6218.00000, 397.00000),
('2025-08-31', 2025, 8, 'MOCK_YLP001', '金领冠珍护1段婴儿配方奶粉(测试)', 'MOCK_WH_S09', '柳州销售仓', 1, 3213.00000, 3020.00000, 103.64516, 193.00000, '2025年8月柳州销售仓实绩', 3020.00000, 193.00000),
('2025-09-30', 2025, 9, 'MOCK_YLP001', '金领冠珍护1段婴儿配方奶粉(测试)', 'MOCK_WH_S01', '合肥销售仓', 1, 5390.00000, 5067.00000, 179.66667, 323.00000, '2025年9月合肥销售仓实绩', 5067.00000, 323.00000),
('2025-09-30', 2025, 9, 'MOCK_YLP001', '金领冠珍护1段婴儿配方奶粉(测试)', 'MOCK_WH_S02', '天津销售仓', 1, 5280.00000, 4963.00000, 176.00000, 317.00000, '2025年9月天津销售仓实绩', 4963.00000, 317.00000),
('2025-09-30', 2025, 9, 'MOCK_YLP001', '金领冠珍护1段婴儿配方奶粉(测试)', 'MOCK_WH_S03', '广州销售仓', 1, 10200.00000, 9588.00000, 340.00000, 612.00000, '2025年9月广州销售仓实绩', 9588.00000, 612.00000),
('2025-09-30', 2025, 9, 'MOCK_YLP001', '金领冠珍护1段婴儿配方奶粉(测试)', 'MOCK_WH_S04', '郑州销售仓', 1, 7000.00000, 6580.00000, 233.33333, 420.00000, '2025年9月郑州销售仓实绩', 6580.00000, 420.00000),
('2025-09-30', 2025, 9, 'MOCK_YLP001', '金领冠珍护1段婴儿配方奶粉(测试)', 'MOCK_WH_S05', '成都销售仓', 1, 6300.00000, 5922.00000, 210.00000, 378.00000, '2025年9月成都销售仓实绩', 5922.00000, 378.00000),
('2025-09-30', 2025, 9, 'MOCK_YLP001', '金领冠珍护1段婴儿配方奶粉(测试)', 'MOCK_WH_S06', '武汉销售仓', 1, 6800.00000, 6392.00000, 226.66667, 408.00000, '2025年9月武汉销售仓实绩', 6392.00000, 408.00000),
('2025-09-30', 2025, 9, 'MOCK_YLP001', '金领冠珍护1段婴儿配方奶粉(测试)', 'MOCK_WH_S07', '呼市销售仓', 1, 3960.00000, 3722.00000, 132.00000, 238.00000, '2025年9月呼市销售仓实绩', 3722.00000, 238.00000),
('2025-09-30', 2025, 9, 'MOCK_YLP001', '金领冠珍护1段婴儿配方奶粉(测试)', 'MOCK_WH_S08', '济南销售仓', 1, 7350.00000, 6909.00000, 245.00000, 441.00000, '2025年9月济南销售仓实绩', 6909.00000, 441.00000),
('2025-09-30', 2025, 9, 'MOCK_YLP001', '金领冠珍护1段婴儿配方奶粉(测试)', 'MOCK_WH_S09', '柳州销售仓', 1, 3570.00000, 3356.00000, 119.00000, 214.00000, '2025年9月柳州销售仓实绩', 3356.00000, 214.00000),
('2025-10-31', 2025, 10, 'MOCK_YLP001', '金领冠珍护1段婴儿配方奶粉(测试)', 'MOCK_WH_S01', '合肥销售仓', 1, 5660.00000, 5320.00000, 182.58065, 340.00000, '2025年10月合肥销售仓实绩', 5320.00000, 340.00000),
('2025-10-31', 2025, 10, 'MOCK_YLP001', '金领冠珍护1段婴儿配方奶粉(测试)', 'MOCK_WH_S02', '天津销售仓', 1, 5544.00000, 5211.00000, 178.83871, 333.00000, '2025年10月天津销售仓实绩', 5211.00000, 333.00000),
('2025-10-31', 2025, 10, 'MOCK_YLP001', '金领冠珍护1段婴儿配方奶粉(测试)', 'MOCK_WH_S03', '广州销售仓', 1, 10710.00000, 10067.00000, 345.48387, 643.00000, '2025年10月广州销售仓实绩', 10067.00000, 643.00000),
('2025-10-31', 2025, 10, 'MOCK_YLP001', '金领冠珍护1段婴儿配方奶粉(测试)', 'MOCK_WH_S04', '郑州销售仓', 1, 7350.00000, 6909.00000, 237.09677, 441.00000, '2025年10月郑州销售仓实绩', 6909.00000, 441.00000),
('2025-10-31', 2025, 10, 'MOCK_YLP001', '金领冠珍护1段婴儿配方奶粉(测试)', 'MOCK_WH_S05', '成都销售仓', 1, 6615.00000, 6218.00000, 213.38710, 397.00000, '2025年10月成都销售仓实绩', 6218.00000, 397.00000),
('2025-10-31', 2025, 10, 'MOCK_YLP001', '金领冠珍护1段婴儿配方奶粉(测试)', 'MOCK_WH_S06', '武汉销售仓', 1, 7140.00000, 6712.00000, 230.32258, 428.00000, '2025年10月武汉销售仓实绩', 6712.00000, 428.00000),
('2025-10-31', 2025, 10, 'MOCK_YLP001', '金领冠珍护1段婴儿配方奶粉(测试)', 'MOCK_WH_S07', '呼市销售仓', 1, 4158.00000, 3909.00000, 134.12903, 249.00000, '2025年10月呼市销售仓实绩', 3909.00000, 249.00000),
('2025-10-31', 2025, 10, 'MOCK_YLP001', '金领冠珍护1段婴儿配方奶粉(测试)', 'MOCK_WH_S08', '济南销售仓', 1, 7718.00000, 7255.00000, 248.96774, 463.00000, '2025年10月济南销售仓实绩', 7255.00000, 463.00000),
('2025-10-31', 2025, 10, 'MOCK_YLP001', '金领冠珍护1段婴儿配方奶粉(测试)', 'MOCK_WH_S09', '柳州销售仓', 1, 3748.00000, 3523.00000, 120.90323, 225.00000, '2025年10月柳州销售仓实绩', 3523.00000, 225.00000),
('2025-11-30', 2025, 11, 'MOCK_YLP001', '金领冠珍护1段婴儿配方奶粉(测试)', 'MOCK_WH_S01', '合肥销售仓', 1, 9625.00000, 8961.00000, 320.83333, 664.00000, '2025年11月合肥销售仓实绩', 8961.00000, 664.00000),
('2025-11-30', 2025, 11, 'MOCK_YLP001', '金领冠珍护1段婴儿配方奶粉(测试)', 'MOCK_WH_S02', '天津销售仓', 1, 7392.00000, 6948.00000, 246.40000, 444.00000, '2025年11月天津销售仓实绩', 6948.00000, 444.00000),
('2025-11-30', 2025, 11, 'MOCK_YLP001', '金领冠珍护1段婴儿配方奶粉(测试)', 'MOCK_WH_S03', '广州销售仓', 1, 17500.00000, 16231.00000, 583.33333, 1269.00000, '2025年11月广州销售仓实绩', 16231.00000, 1269.00000),
('2025-11-30', 2025, 11, 'MOCK_YLP001', '金领冠珍护1段婴儿配方奶粉(测试)', 'MOCK_WH_S04', '郑州销售仓', 1, 9800.00000, 9212.00000, 326.66667, 588.00000, '2025年11月郑州销售仓实绩', 9212.00000, 588.00000),
('2025-11-30', 2025, 11, 'MOCK_YLP001', '金领冠珍护1段婴儿配方奶粉(测试)', 'MOCK_WH_S05', '成都销售仓', 1, 10500.00000, 9807.00000, 350.00000, 693.00000, '2025年11月成都销售仓实绩', 9807.00000, 693.00000),
('2025-11-30', 2025, 11, 'MOCK_YLP001', '金领冠珍护1段婴儿配方奶粉(测试)', 'MOCK_WH_S06', '武汉销售仓', 1, 11900.00000, 11126.00000, 396.66667, 774.00000, '2025年11月武汉销售仓实绩', 11126.00000, 774.00000),
('2025-11-30', 2025, 11, 'MOCK_YLP001', '金领冠珍护1段婴儿配方奶粉(测试)', 'MOCK_WH_S07', '呼市销售仓', 1, 5544.00000, 5211.00000, 184.80000, 333.00000, '2025年11月呼市销售仓实绩', 5211.00000, 333.00000),
('2025-11-30', 2025, 11, 'MOCK_YLP001', '金领冠珍护1段婴儿配方奶粉(测试)', 'MOCK_WH_S08', '济南销售仓', 1, 10290.00000, 9631.00000, 343.00000, 659.00000, '2025年11月济南销售仓实绩', 9631.00000, 659.00000),
('2025-11-30', 2025, 11, 'MOCK_YLP001', '金领冠珍护1段婴儿配方奶粉(测试)', 'MOCK_WH_S09', '柳州销售仓', 1, 4998.00000, 4698.00000, 166.60000, 300.00000, '2025年11月柳州销售仓实绩', 4698.00000, 300.00000),
('2025-12-31', 2025, 12, 'MOCK_YLP001', '金领冠珍护1段婴儿配方奶粉(测试)', 'MOCK_WH_S01', '合肥销售仓', 1, 6198.00000, 5826.00000, 199.93548, 372.00000, '2025年12月合肥销售仓实绩', 5826.00000, 372.00000),
('2025-12-31', 2025, 12, 'MOCK_YLP001', '金领冠珍护1段婴儿配方奶粉(测试)', 'MOCK_WH_S02', '天津销售仓', 1, 6072.00000, 5708.00000, 195.87097, 364.00000, '2025年12月天津销售仓实绩', 5708.00000, 364.00000),
('2025-12-31', 2025, 12, 'MOCK_YLP001', '金领冠珍护1段婴儿配方奶粉(测试)', 'MOCK_WH_S03', '广州销售仓', 1, 11730.00000, 11026.00000, 378.38710, 704.00000, '2025年12月广州销售仓实绩', 11026.00000, 704.00000),
('2025-12-31', 2025, 12, 'MOCK_YLP001', '金领冠珍护1段婴儿配方奶粉(测试)', 'MOCK_WH_S04', '郑州销售仓', 1, 8050.00000, 7567.00000, 259.67742, 483.00000, '2025年12月郑州销售仓实绩', 7567.00000, 483.00000),
('2025-12-31', 2025, 12, 'MOCK_YLP001', '金领冠珍护1段婴儿配方奶粉(测试)', 'MOCK_WH_S05', '成都销售仓', 1, 7245.00000, 6810.00000, 233.70968, 435.00000, '2025年12月成都销售仓实绩', 6810.00000, 435.00000),
('2025-12-31', 2025, 12, 'MOCK_YLP001', '金领冠珍护1段婴儿配方奶粉(测试)', 'MOCK_WH_S06', '武汉销售仓', 1, 7820.00000, 7351.00000, 252.25806, 469.00000, '2025年12月武汉销售仓实绩', 7351.00000, 469.00000),
('2025-12-31', 2025, 12, 'MOCK_YLP001', '金领冠珍护1段婴儿配方奶粉(测试)', 'MOCK_WH_S07', '呼市销售仓', 1, 4554.00000, 4281.00000, 146.90323, 273.00000, '2025年12月呼市销售仓实绩', 4281.00000, 273.00000),
('2025-12-31', 2025, 12, 'MOCK_YLP001', '金领冠珍护1段婴儿配方奶粉(测试)', 'MOCK_WH_S08', '济南销售仓', 1, 8452.00000, 7945.00000, 272.64516, 507.00000, '2025年12月济南销售仓实绩', 7945.00000, 507.00000),
('2025-12-31', 2025, 12, 'MOCK_YLP001', '金领冠珍护1段婴儿配方奶粉(测试)', 'MOCK_WH_S09', '柳州销售仓', 1, 4106.00000, 3860.00000, 132.45161, 246.00000, '2025年12月柳州销售仓实绩', 3860.00000, 246.00000),
('2026-01-31', 2026, 1, 'MOCK_YLP001', '金领冠珍护1段婴儿配方奶粉(测试)', 'MOCK_WH_S01', '合肥销售仓', 1, 7859.00000, 7387.00000, 253.51613, 472.00000, '2026年1月合肥销售仓实绩', 7387.00000, 472.00000),
('2026-01-31', 2026, 1, 'MOCK_YLP001', '金领冠珍护1段婴儿配方奶粉(测试)', 'MOCK_WH_S02', '天津销售仓', 1, 7698.00000, 7236.00000, 248.32258, 462.00000, '2026年1月天津销售仓实绩', 7236.00000, 462.00000),
('2026-01-31', 2026, 1, 'MOCK_YLP001', '金领冠珍护1段婴儿配方奶粉(测试)', 'MOCK_WH_S03', '广州销售仓', 1, 14872.00000, 13980.00000, 479.74194, 892.00000, '2026年1月广州销售仓实绩', 13980.00000, 892.00000),
('2026-01-31', 2026, 1, 'MOCK_YLP001', '金领冠珍护1段婴儿配方奶粉(测试)', 'MOCK_WH_S04', '郑州销售仓', 1, 10206.00000, 9594.00000, 329.22581, 612.00000, '2026年1月郑州销售仓实绩', 9594.00000, 612.00000),
('2026-01-31', 2026, 1, 'MOCK_YLP001', '金领冠珍护1段婴儿配方奶粉(测试)', 'MOCK_WH_S05', '成都销售仓', 1, 9185.00000, 8634.00000, 296.29032, 551.00000, '2026年1月成都销售仓实绩', 8634.00000, 551.00000),
('2026-01-31', 2026, 1, 'MOCK_YLP001', '金领冠珍护1段婴儿配方奶粉(测试)', 'MOCK_WH_S06', '武汉销售仓', 1, 9914.00000, 9319.00000, 319.80645, 595.00000, '2026年1月武汉销售仓实绩', 9319.00000, 595.00000),
('2026-01-31', 2026, 1, 'MOCK_YLP001', '金领冠珍护1段婴儿配方奶粉(测试)', 'MOCK_WH_S07', '呼市销售仓', 1, 5774.00000, 5428.00000, 186.25806, 346.00000, '2026年1月呼市销售仓实绩', 5428.00000, 346.00000),
('2026-01-31', 2026, 1, 'MOCK_YLP001', '金领冠珍护1段婴儿配方奶粉(测试)', 'MOCK_WH_S08', '济南销售仓', 1, 10716.00000, 10073.00000, 345.67742, 643.00000, '2026年1月济南销售仓实绩', 10073.00000, 643.00000),
('2026-01-31', 2026, 1, 'MOCK_YLP001', '金领冠珍护1段婴儿配方奶粉(测试)', 'MOCK_WH_S09', '柳州销售仓', 1, 5205.00000, 4893.00000, 167.90323, 312.00000, '2026年1月柳州销售仓实绩', 4893.00000, 312.00000),
('2026-02-28', 2026, 2, 'MOCK_YLP001', '金领冠珍护1段婴儿配方奶粉(测试)', 'MOCK_WH_S01', '合肥销售仓', 1, 6985.00000, 6566.00000, 249.46429, 419.00000, '2026年2月合肥销售仓实绩', 6566.00000, 419.00000),
('2026-02-28', 2026, 2, 'MOCK_YLP001', '金领冠珍护1段婴儿配方奶粉(测试)', 'MOCK_WH_S02', '天津销售仓', 1, 6843.00000, 6432.00000, 244.39286, 411.00000, '2026年2月天津销售仓实绩', 6432.00000, 411.00000),
('2026-02-28', 2026, 2, 'MOCK_YLP001', '金领冠珍护1段婴儿配方奶粉(测试)', 'MOCK_WH_S03', '广州销售仓', 1, 13219.00000, 12426.00000, 472.10714, 793.00000, '2026年2月广州销售仓实绩', 12426.00000, 793.00000),
('2026-02-28', 2026, 2, 'MOCK_YLP001', '金领冠珍护1段婴儿配方奶粉(测试)', 'MOCK_WH_S04', '郑州销售仓', 1, 9072.00000, 8528.00000, 324.00000, 544.00000, '2026年2月郑州销售仓实绩', 8528.00000, 544.00000),
('2026-02-28', 2026, 2, 'MOCK_YLP001', '金领冠珍护1段婴儿配方奶粉(测试)', 'MOCK_WH_S05', '成都销售仓', 1, 8165.00000, 7675.00000, 291.60714, 490.00000, '2026年2月成都销售仓实绩', 7675.00000, 490.00000),
('2026-02-28', 2026, 2, 'MOCK_YLP001', '金领冠珍护1段婴儿配方奶粉(测试)', 'MOCK_WH_S06', '武汉销售仓', 1, 8813.00000, 8284.00000, 314.75000, 529.00000, '2026年2月武汉销售仓实绩', 8284.00000, 529.00000),
('2026-02-28', 2026, 2, 'MOCK_YLP001', '金领冠珍护1段婴儿配方奶粉(测试)', 'MOCK_WH_S07', '呼市销售仓', 1, 5132.00000, 4824.00000, 183.28571, 308.00000, '2026年2月呼市销售仓实绩', 4824.00000, 308.00000),
('2026-02-28', 2026, 2, 'MOCK_YLP001', '金领冠珍护1段婴儿配方奶粉(测试)', 'MOCK_WH_S08', '济南销售仓', 1, 9526.00000, 8954.00000, 340.21429, 572.00000, '2026年2月济南销售仓实绩', 8954.00000, 572.00000),
('2026-02-28', 2026, 2, 'MOCK_YLP001', '金领冠珍护1段婴儿配方奶粉(测试)', 'MOCK_WH_S09', '柳州销售仓', 1, 4627.00000, 4349.00000, 165.25000, 278.00000, '2026年2月柳州销售仓实绩', 4349.00000, 278.00000),
('2026-03-31', 2026, 3, 'MOCK_YLP001', '金领冠珍护1段婴儿配方奶粉(测试)', 'MOCK_WH_S01', '合肥销售仓', 1, 5120.00000, 4813.00000, 165.16129, 307.00000, '2026年3月合肥销售仓实绩', 4813.00000, 307.00000),
('2026-03-31', 2026, 3, 'MOCK_YLP001', '金领冠珍护1段婴儿配方奶粉(测试)', 'MOCK_WH_S02', '天津销售仓', 1, 5016.00000, 4715.00000, 161.80645, 301.00000, '2026年3月天津销售仓实绩', 4715.00000, 301.00000),
('2026-03-31', 2026, 3, 'MOCK_YLP001', '金领冠珍护1段婴儿配方奶粉(测试)', 'MOCK_WH_S03', '广州销售仓', 1, 9690.00000, 9109.00000, 312.58065, 581.00000, '2026年3月广州销售仓实绩', 9109.00000, 581.00000),
('2026-03-31', 2026, 3, 'MOCK_YLP001', '金领冠珍护1段婴儿配方奶粉(测试)', 'MOCK_WH_S04', '郑州销售仓', 1, 6650.00000, 6251.00000, 214.51613, 399.00000, '2026年3月郑州销售仓实绩', 6251.00000, 399.00000),
('2026-03-31', 2026, 3, 'MOCK_YLP001', '金领冠珍护1段婴儿配方奶粉(测试)', 'MOCK_WH_S05', '成都销售仓', 1, 5985.00000, 5626.00000, 193.06452, 359.00000, '2026年3月成都销售仓实绩', 5626.00000, 359.00000),
('2026-03-31', 2026, 3, 'MOCK_YLP001', '金领冠珍护1段婴儿配方奶粉(测试)', 'MOCK_WH_S06', '武汉销售仓', 1, 6460.00000, 6072.00000, 208.38710, 388.00000, '2026年3月武汉销售仓实绩', 6072.00000, 388.00000),
('2026-03-31', 2026, 3, 'MOCK_YLP001', '金领冠珍护1段婴儿配方奶粉(测试)', 'MOCK_WH_S07', '呼市销售仓', 1, 3762.00000, 3536.00000, 121.35484, 226.00000, '2026年3月呼市销售仓实绩', 3536.00000, 226.00000),
('2026-03-31', 2026, 3, 'MOCK_YLP001', '金领冠珍护1段婴儿配方奶粉(测试)', 'MOCK_WH_S08', '济南销售仓', 1, 6982.00000, 6563.00000, 225.22581, 419.00000, '2026年3月济南销售仓实绩', 6563.00000, 419.00000),
('2026-03-31', 2026, 3, 'MOCK_YLP001', '金领冠珍护1段婴儿配方奶粉(测试)', 'MOCK_WH_S09', '柳州销售仓', 1, 3392.00000, 3188.00000, 109.41935, 204.00000, '2026年3月柳州销售仓实绩', 3188.00000, 204.00000),
('2026-04-30', 2026, 4, 'MOCK_YLP001', '金领冠珍护1段婴儿配方奶粉(测试)', 'MOCK_WH_S01', '合肥销售仓', 1, 4851.00000, 4560.00000, 161.70000, 291.00000, '2026年4月合肥销售仓实绩', 4560.00000, 291.00000),
('2026-04-30', 2026, 4, 'MOCK_YLP001', '金领冠珍护1段婴儿配方奶粉(测试)', 'MOCK_WH_S02', '天津销售仓', 1, 4752.00000, 4467.00000, 158.40000, 285.00000, '2026年4月天津销售仓实绩', 4467.00000, 285.00000),
('2026-04-30', 2026, 4, 'MOCK_YLP001', '金领冠珍护1段婴儿配方奶粉(测试)', 'MOCK_WH_S03', '广州销售仓', 1, 9180.00000, 8629.00000, 306.00000, 551.00000, '2026年4月广州销售仓实绩', 8629.00000, 551.00000),
('2026-04-30', 2026, 4, 'MOCK_YLP001', '金领冠珍护1段婴儿配方奶粉(测试)', 'MOCK_WH_S04', '郑州销售仓', 1, 6300.00000, 5922.00000, 210.00000, 378.00000, '2026年4月郑州销售仓实绩', 5922.00000, 378.00000),
('2026-04-30', 2026, 4, 'MOCK_YLP001', '金领冠珍护1段婴儿配方奶粉(测试)', 'MOCK_WH_S05', '成都销售仓', 1, 5670.00000, 5330.00000, 189.00000, 340.00000, '2026年4月成都销售仓实绩', 5330.00000, 340.00000),
('2026-04-30', 2026, 4, 'MOCK_YLP001', '金领冠珍护1段婴儿配方奶粉(测试)', 'MOCK_WH_S06', '武汉销售仓', 1, 6120.00000, 5753.00000, 204.00000, 367.00000, '2026年4月武汉销售仓实绩', 5753.00000, 367.00000),
('2026-04-30', 2026, 4, 'MOCK_YLP001', '金领冠珍护1段婴儿配方奶粉(测试)', 'MOCK_WH_S07', '呼市销售仓', 1, 3564.00000, 3350.00000, 118.80000, 214.00000, '2026年4月呼市销售仓实绩', 3350.00000, 214.00000),
('2026-04-30', 2026, 4, 'MOCK_YLP001', '金领冠珍护1段婴儿配方奶粉(测试)', 'MOCK_WH_S08', '济南销售仓', 1, 6615.00000, 6218.00000, 220.50000, 397.00000, '2026年4月济南销售仓实绩', 6218.00000, 397.00000),
('2026-04-30', 2026, 4, 'MOCK_YLP001', '金领冠珍护1段婴儿配方奶粉(测试)', 'MOCK_WH_S09', '柳州销售仓', 1, 3213.00000, 3020.00000, 107.10000, 193.00000, '2026年4月柳州销售仓实绩', 3020.00000, 193.00000),
('2026-05-31', 2026, 5, 'MOCK_YLP001', '金领冠珍护1段婴儿配方奶粉(测试)', 'MOCK_WH_S01', '合肥销售仓', 1, 6738.00000, 6334.00000, 217.35484, 404.00000, '2026年5月合肥销售仓实绩', 6334.00000, 404.00000),
('2026-05-31', 2026, 5, 'MOCK_YLP001', '金领冠珍护1段婴儿配方奶粉(测试)', 'MOCK_WH_S02', '天津销售仓', 1, 6600.00000, 6204.00000, 212.90323, 396.00000, '2026年5月天津销售仓实绩', 6204.00000, 396.00000),
('2026-05-31', 2026, 5, 'MOCK_YLP001', '金领冠珍护1段婴儿配方奶粉(测试)', 'MOCK_WH_S03', '广州销售仓', 1, 14750.00000, 10030.00000, 475.80645, 4720.00000, '2026年5月广州销售仓实绩', 10030.00000, 4720.00000),
('2026-05-31', 2026, 5, 'MOCK_YLP001', '金领冠珍护1段婴儿配方奶粉(测试)', 'MOCK_WH_S04', '郑州销售仓', 1, 8750.00000, 8225.00000, 282.25806, 525.00000, '2026年5月郑州销售仓实绩', 8225.00000, 525.00000),
('2026-05-31', 2026, 5, 'MOCK_YLP001', '金领冠珍护1段婴儿配方奶粉(测试)', 'MOCK_WH_S05', '成都销售仓', 1, 7875.00000, 7403.00000, 254.03226, 472.00000, '2026年5月成都销售仓实绩', 7403.00000, 472.00000),
('2026-05-31', 2026, 5, 'MOCK_YLP001', '金领冠珍护1段婴儿配方奶粉(测试)', 'MOCK_WH_S06', '武汉销售仓', 1, 8500.00000, 6630.00000, 274.19355, 1870.00000, '2026年5月武汉销售仓实绩', 6630.00000, 1870.00000),
('2026-05-31', 2026, 5, 'MOCK_YLP001', '金领冠珍护1段婴儿配方奶粉(测试)', 'MOCK_WH_S07', '呼市销售仓', 1, 4950.00000, 4653.00000, 159.67742, 297.00000, '2026年5月呼市销售仓实绩', 4653.00000, 297.00000),
('2026-05-31', 2026, 5, 'MOCK_YLP001', '金领冠珍护1段婴儿配方奶粉(测试)', 'MOCK_WH_S08', '济南销售仓', 1, 9188.00000, 8637.00000, 296.38710, 551.00000, '2026年5月济南销售仓实绩', 8637.00000, 551.00000),
('2026-05-31', 2026, 5, 'MOCK_YLP001', '金领冠珍护1段婴儿配方奶粉(测试)', 'MOCK_WH_S09', '柳州销售仓', 1, 5162.00000, 3717.00000, 166.51613, 1445.00000, '2026年5月柳州销售仓实绩', 3717.00000, 1445.00000),
('2026-06-30', 2026, 6, 'MOCK_YLP001', '金领冠珍护1段婴儿配方奶粉(测试)', 'MOCK_WH_S01', '合肥销售仓', 1, 7816.00000, 7347.00000, 260.53333, 469.00000, '2026年6月合肥销售仓实绩', 7347.00000, 469.00000),
('2026-06-30', 2026, 6, 'MOCK_YLP001', '金领冠珍护1段婴儿配方奶粉(测试)', 'MOCK_WH_S02', '天津销售仓', 1, 7656.00000, 7197.00000, 255.20000, 459.00000, '2026年6月天津销售仓实绩', 7197.00000, 459.00000),
('2026-06-30', 2026, 6, 'MOCK_YLP001', '金领冠珍护1段婴儿配方奶粉(测试)', 'MOCK_WH_S03', '广州销售仓', 1, 19140.00000, 17940.00000, 638.00000, 1200.00000, '2026年6月广州销售仓实绩', 17940.00000, 1200.00000),
('2026-06-30', 2026, 6, 'MOCK_YLP001', '金领冠珍护1段婴儿配方奶粉(测试)', 'MOCK_WH_S04', '郑州销售仓', 1, 10150.00000, 9541.00000, 338.33333, 609.00000, '2026年6月郑州销售仓实绩', 9541.00000, 609.00000),
('2026-06-30', 2026, 6, 'MOCK_YLP001', '金领冠珍护1段婴儿配方奶粉(测试)', 'MOCK_WH_S05', '成都销售仓', 1, 9135.00000, 8587.00000, 304.50000, 548.00000, '2026年6月成都销售仓实绩', 8587.00000, 548.00000),
('2026-06-30', 2026, 6, 'MOCK_YLP001', '金领冠珍护1段婴儿配方奶粉(测试)', 'MOCK_WH_S06', '武汉销售仓', 1, 9860.00000, 9268.00000, 328.66667, 592.00000, '2026年6月武汉销售仓实绩', 9268.00000, 592.00000),
('2026-06-30', 2026, 6, 'MOCK_YLP001', '金领冠珍护1段婴儿配方奶粉(测试)', 'MOCK_WH_S07', '呼市销售仓', 1, 5742.00000, 5397.00000, 191.40000, 345.00000, '2026年6月呼市销售仓实绩', 5397.00000, 345.00000),
('2026-06-30', 2026, 6, 'MOCK_YLP001', '金领冠珍护1段婴儿配方奶粉(测试)', 'MOCK_WH_S08', '济南销售仓', 1, 10658.00000, 10019.00000, 355.26667, 639.00000, '2026年6月济南销售仓实绩', 10019.00000, 639.00000),
('2026-06-30', 2026, 6, 'MOCK_YLP001', '金领冠珍护1段婴儿配方奶粉(测试)', 'MOCK_WH_S09', '柳州销售仓', 1, 6699.00000, 6297.00000, 223.30000, 402.00000, '2026年6月柳州销售仓实绩', 6297.00000, 402.00000);

-- =============================================================================
-- 珍护1段 · 4个基地仓 · 月末库存监控 (yl_base_warehouse_inventory_report)
-- =============================================================================
DELETE FROM yl_base_warehouse_inventory_report WHERE product_code = 'MOCK_YLP001';

INSERT INTO yl_base_warehouse_inventory_report (
    adjust_date, business_code, product_code, product_name, weight, pro_series,
    from_site_code, from_site_name, month_store_in, now_store_in,
    big_date, big_date_num, days_list, from_store_transit, from_store_num_d, from_store_num_h,
    to_jd_site_list, months_list
) VALUES
('2025-07-31', 'NFBU', 'MOCK_YLP001', '金领冠珍护1段婴儿配方奶粉(测试)', 228.15000, '金领冠珍护系列', 'MOCK_WH_B01', '呼市基地仓', 19264.00000, 621.00000, '2025-07-15', 0.00000, '待检:3650,合格:45630', 2202.00000, 3650.00000, 45630.00000, 'MOCK_WH_S03,MOCK_WH_S06', '2025-07:19264'),
('2025-07-31', 'NFBU', 'MOCK_YLP001', '金领冠珍护1段婴儿配方奶粉(测试)', 122.85000, '金领冠珍护系列', 'MOCK_WH_B02', '天津基地仓', 9125.00000, 294.00000, '2025-07-15', 0.00000, '待检:1966,合格:24570', 1043.00000, 1966.00000, 24570.00000, 'MOCK_WH_S03,MOCK_WH_S06', '2025-07:9125'),
('2025-07-31', 'NFBU', 'MOCK_YLP001', '金领冠珍护1段婴儿配方奶粉(测试)', 153.56000, '金领冠珍护系列', 'MOCK_WH_B03', '杜蒙基地仓', 12167.00000, 392.00000, '2025-07-15', 0.00000, '待检:2457,合格:30712', 1390.00000, 2457.00000, 30712.00000, 'MOCK_WH_S03,MOCK_WH_S06', '2025-07:12167'),
('2025-07-31', 'NFBU', 'MOCK_YLP001', '金领冠珍护1段婴儿配方奶粉(测试)', 131.62500, '金领冠珍护系列', 'MOCK_WH_B04', '武汉基地仓', 10139.00000, 327.00000, '2025-07-15', 0.00000, '待检:2106,合格:26325', 1159.00000, 2106.00000, 26325.00000, 'MOCK_WH_S03,MOCK_WH_S06', '2025-07:10139'),
('2025-08-31', 'NFBU', 'MOCK_YLP001', '金领冠珍护1段婴儿配方奶粉(测试)', 230.10000, '金领冠珍护系列', 'MOCK_WH_B01', '呼市基地仓', 20397.00000, 658.00000, '2025-08-15', 0.00000, '待检:3682,合格:46020', 2331.00000, 3682.00000, 46020.00000, 'MOCK_WH_S03,MOCK_WH_S06', '2025-08:20397'),
('2025-08-31', 'NFBU', 'MOCK_YLP001', '金领冠珍护1段婴儿配方奶粉(测试)', 123.90000, '金领冠珍护系列', 'MOCK_WH_B02', '天津基地仓', 9662.00000, 312.00000, '2025-08-15', 0.00000, '待检:1982,合格:24780', 1104.00000, 1982.00000, 24780.00000, 'MOCK_WH_S03,MOCK_WH_S06', '2025-08:9662'),
('2025-08-31', 'NFBU', 'MOCK_YLP001', '金领冠珍护1段婴儿配方奶粉(测试)', 154.87500, '金领冠珍护系列', 'MOCK_WH_B03', '杜蒙基地仓', 12882.00000, 416.00000, '2025-08-15', 0.00000, '待检:2478,合格:30975', 1472.00000, 2478.00000, 30975.00000, 'MOCK_WH_S03,MOCK_WH_S06', '2025-08:12882'),
('2025-08-31', 'NFBU', 'MOCK_YLP001', '金领冠珍护1段婴儿配方奶粉(测试)', 132.75000, '金领冠珍护系列', 'MOCK_WH_B04', '武汉基地仓', 10735.00000, 346.00000, '2025-08-15', 0.00000, '待检:2124,合格:26550', 1227.00000, 2124.00000, 26550.00000, 'MOCK_WH_S03,MOCK_WH_S06', '2025-08:10735'),
('2025-09-30', 'NFBU', 'MOCK_YLP001', '金领冠珍护1段婴儿配方奶粉(测试)', 234.00000, '金领冠珍护系列', 'MOCK_WH_B01', '呼市基地仓', 22663.00000, 755.00000, '2025-09-15', 0.00000, '待检:3744,合格:46800', 2590.00000, 3744.00000, 46800.00000, 'MOCK_WH_S03,MOCK_WH_S06', '2025-09:22663'),
('2025-09-30', 'NFBU', 'MOCK_YLP001', '金领冠珍护1段婴儿配方奶粉(测试)', 126.00000, '金领冠珍护系列', 'MOCK_WH_B02', '天津基地仓', 10735.00000, 358.00000, '2025-09-15', 0.00000, '待检:2016,合格:25200', 1227.00000, 2016.00000, 25200.00000, 'MOCK_WH_S03,MOCK_WH_S06', '2025-09:10735'),
('2025-09-30', 'NFBU', 'MOCK_YLP001', '金领冠珍护1段婴儿配方奶粉(测试)', 157.50000, '金领冠珍护系列', 'MOCK_WH_B03', '杜蒙基地仓', 14314.00000, 477.00000, '2025-09-15', 0.00000, '待检:2520,合格:31500', 1636.00000, 2520.00000, 31500.00000, 'MOCK_WH_S03,MOCK_WH_S06', '2025-09:14314'),
('2025-09-30', 'NFBU', 'MOCK_YLP001', '金领冠珍护1段婴儿配方奶粉(测试)', 135.00000, '金领冠珍护系列', 'MOCK_WH_B04', '武汉基地仓', 11928.00000, 398.00000, '2025-09-15', 0.00000, '待检:2160,合格:27000', 1363.00000, 2160.00000, 27000.00000, 'MOCK_WH_S03,MOCK_WH_S06', '2025-09:11928'),
('2025-10-31', 'NFBU', 'MOCK_YLP001', '金领冠珍护1段婴儿配方奶粉(测试)', 235.95000, '金领冠珍护系列', 'MOCK_WH_B01', '呼市基地仓', 23796.00000, 768.00000, '2025-10-15', 0.00000, '待检:3775,合格:47190', 2720.00000, 3775.00000, 47190.00000, 'MOCK_WH_S03,MOCK_WH_S06', '2025-10:23796'),
('2025-10-31', 'NFBU', 'MOCK_YLP001', '金领冠珍护1段婴儿配方奶粉(测试)', 127.05000, '金领冠珍护系列', 'MOCK_WH_B02', '天津基地仓', 11272.00000, 364.00000, '2025-10-15', 0.00000, '待检:2033,合格:25410', 1288.00000, 2033.00000, 25410.00000, 'MOCK_WH_S03,MOCK_WH_S06', '2025-10:11272'),
('2025-10-31', 'NFBU', 'MOCK_YLP001', '金领冠珍护1段婴儿配方奶粉(测试)', 158.81000, '金领冠珍护系列', 'MOCK_WH_B03', '杜蒙基地仓', 15029.00000, 485.00000, '2025-10-15', 0.00000, '待检:2541,合格:31762', 1718.00000, 2541.00000, 31762.00000, 'MOCK_WH_S03,MOCK_WH_S06', '2025-10:15029'),
('2025-10-31', 'NFBU', 'MOCK_YLP001', '金领冠珍护1段婴儿配方奶粉(测试)', 136.12500, '金领冠珍护系列', 'MOCK_WH_B04', '武汉基地仓', 12524.00000, 404.00000, '2025-10-15', 0.00000, '待检:2178,合格:27225', 1431.00000, 2178.00000, 27225.00000, 'MOCK_WH_S03,MOCK_WH_S06', '2025-10:12524'),
('2025-11-30', 'NFBU', 'MOCK_YLP001', '金领冠珍护1段婴儿配方奶粉(测试)', 249.60000, '金领冠珍护系列', 'MOCK_WH_B01', '呼市基地仓', 31728.00000, 1058.00000, '2025-11-15', 0.00000, '待检:3994,合格:49920', 3626.00000, 3994.00000, 49920.00000, 'MOCK_WH_S03,MOCK_WH_S06', '2025-11:31728'),
('2025-11-30', 'NFBU', 'MOCK_YLP001', '金领冠珍护1段婴儿配方奶粉(测试)', 134.40000, '金领冠珍护系列', 'MOCK_WH_B02', '天津基地仓', 15029.00000, 501.00000, '2025-11-15', 0.00000, '待检:2150,合格:26880', 1718.00000, 2150.00000, 26880.00000, 'MOCK_WH_S03,MOCK_WH_S06', '2025-11:15029'),
('2025-11-30', 'NFBU', 'MOCK_YLP001', '金领冠珍护1段婴儿配方奶粉(测试)', 168.00000, '金领冠珍护系列', 'MOCK_WH_B03', '杜蒙基地仓', 20039.00000, 668.00000, '2025-11-15', 0.00000, '待检:2688,合格:33600', 2290.00000, 2688.00000, 33600.00000, 'MOCK_WH_S03,MOCK_WH_S06', '2025-11:20039'),
('2025-11-30', 'NFBU', 'MOCK_YLP001', '金领冠珍护1段婴儿配方奶粉(测试)', 144.00000, '金领冠珍护系列', 'MOCK_WH_B04', '武汉基地仓', 16699.00000, 557.00000, '2025-11-15', 0.00000, '待检:2304,合格:28800', 1908.00000, 2304.00000, 28800.00000, 'MOCK_WH_S03,MOCK_WH_S06', '2025-11:16699'),
('2025-12-31', 'NFBU', 'MOCK_YLP001', '金领冠珍护1段婴儿配方奶粉(测试)', 239.85000, '金领冠珍护系列', 'MOCK_WH_B01', '呼市基地仓', 26063.00000, 841.00000, '2025-12-15', 0.00000, '待检:3838,合格:47970', 2979.00000, 3838.00000, 47970.00000, 'MOCK_WH_S03,MOCK_WH_S06', '2025-12:26063'),
('2025-12-31', 'NFBU', 'MOCK_YLP001', '金领冠珍护1段婴儿配方奶粉(测试)', 129.15000, '金领冠珍护系列', 'MOCK_WH_B02', '天津基地仓', 12345.00000, 398.00000, '2025-12-15', 0.00000, '待检:2066,合格:25830', 1411.00000, 2066.00000, 25830.00000, 'MOCK_WH_S03,MOCK_WH_S06', '2025-12:12345'),
('2025-12-31', 'NFBU', 'MOCK_YLP001', '金领冠珍护1段婴儿配方奶粉(测试)', 161.44000, '金领冠珍护系列', 'MOCK_WH_B03', '杜蒙基地仓', 16461.00000, 531.00000, '2025-12-15', 0.00000, '待检:2583,合格:32288', 1881.00000, 2583.00000, 32288.00000, 'MOCK_WH_S03,MOCK_WH_S06', '2025-12:16461'),
('2025-12-31', 'NFBU', 'MOCK_YLP001', '金领冠珍护1段婴儿配方奶粉(测试)', 138.37500, '金领冠珍护系列', 'MOCK_WH_B04', '武汉基地仓', 13717.00000, 442.00000, '2025-12-15', 0.00000, '待检:2214,合格:27675', 1568.00000, 2214.00000, 27675.00000, 'MOCK_WH_S03,MOCK_WH_S06', '2025-12:13717'),
('2026-01-31', 'NFBU', 'MOCK_YLP001', '金领冠珍护1段婴儿配方奶粉(测试)', 247.65000, '金领冠珍护系列', 'MOCK_WH_B01', '呼市基地仓', 30595.00000, 987.00000, '2026-01-15', 0.00000, '待检:3962,合格:49530', 3497.00000, 3962.00000, 49530.00000, 'MOCK_WH_S03,MOCK_WH_S06', '2026-01:30595'),
('2026-01-31', 'NFBU', 'MOCK_YLP001', '金领冠珍护1段婴儿配方奶粉(测试)', 133.35000, '金领冠珍护系列', 'MOCK_WH_B02', '天津基地仓', 14493.00000, 468.00000, '2026-01-15', 0.00000, '待检:2134,合格:26670', 1656.00000, 2134.00000, 26670.00000, 'MOCK_WH_S03,MOCK_WH_S06', '2026-01:14493'),
('2026-01-31', 'NFBU', 'MOCK_YLP001', '金领冠珍护1段婴儿配方奶粉(测试)', 166.69000, '金领冠珍护系列', 'MOCK_WH_B03', '杜蒙基地仓', 19323.00000, 623.00000, '2026-01-15', 0.00000, '待检:2667,合格:33338', 2208.00000, 2667.00000, 33338.00000, 'MOCK_WH_S03,MOCK_WH_S06', '2026-01:19323'),
('2026-01-31', 'NFBU', 'MOCK_YLP001', '金领冠珍护1段婴儿配方奶粉(测试)', 142.87500, '金领冠珍护系列', 'MOCK_WH_B04', '武汉基地仓', 16103.00000, 519.00000, '2026-01-15', 0.00000, '待检:2286,合格:28575', 1840.00000, 2286.00000, 28575.00000, 'MOCK_WH_S03,MOCK_WH_S06', '2026-01:16103'),
('2026-02-28', 'NFBU', 'MOCK_YLP001', '金领冠珍护1段婴儿配方奶粉(测试)', 241.80000, '金领冠珍护系列', 'MOCK_WH_B01', '呼市基地仓', 27196.00000, 971.00000, '2026-02-15', 0.00000, '待检:3869,合格:48360', 3108.00000, 3869.00000, 48360.00000, 'MOCK_WH_S03,MOCK_WH_S06', '2026-02:27196'),
('2026-02-28', 'NFBU', 'MOCK_YLP001', '金领冠珍护1段婴儿配方奶粉(测试)', 130.20000, '金领冠珍护系列', 'MOCK_WH_B02', '天津基地仓', 12882.00000, 460.00000, '2026-02-15', 0.00000, '待检:2083,合格:26040', 1472.00000, 2083.00000, 26040.00000, 'MOCK_WH_S03,MOCK_WH_S06', '2026-02:12882'),
('2026-02-28', 'NFBU', 'MOCK_YLP001', '金领冠珍护1段婴儿配方奶粉(测试)', 162.75000, '金领冠珍护系列', 'MOCK_WH_B03', '杜蒙基地仓', 17176.00000, 613.00000, '2026-02-15', 0.00000, '待检:2604,合格:32550', 1963.00000, 2604.00000, 32550.00000, 'MOCK_WH_S03,MOCK_WH_S06', '2026-02:17176'),
('2026-02-28', 'NFBU', 'MOCK_YLP001', '金领冠珍护1段婴儿配方奶粉(测试)', 139.50000, '金领冠珍护系列', 'MOCK_WH_B04', '武汉基地仓', 14314.00000, 511.00000, '2026-02-15', 0.00000, '待检:2232,合格:27900', 1636.00000, 2232.00000, 27900.00000, 'MOCK_WH_S03,MOCK_WH_S06', '2026-02:14314'),
('2026-03-31', 'NFBU', 'MOCK_YLP001', '金领冠珍护1段婴儿配方奶粉(测试)', 232.05000, '金领冠珍护系列', 'MOCK_WH_B01', '呼市基地仓', 21530.00000, 695.00000, '2026-03-15', 0.00000, '待检:3713,合格:46410', 2461.00000, 3713.00000, 46410.00000, 'MOCK_WH_S03,MOCK_WH_S06', '2026-03:21530'),
('2026-03-31', 'NFBU', 'MOCK_YLP001', '金领冠珍护1段婴儿配方奶粉(测试)', 124.95000, '金领冠珍护系列', 'MOCK_WH_B02', '天津基地仓', 10198.00000, 329.00000, '2026-03-15', 0.00000, '待检:1999,合格:24990', 1166.00000, 1999.00000, 24990.00000, 'MOCK_WH_S03,MOCK_WH_S06', '2026-03:10198'),
('2026-03-31', 'NFBU', 'MOCK_YLP001', '金领冠珍护1段婴儿配方奶粉(测试)', 156.19000, '金领冠珍护系列', 'MOCK_WH_B03', '杜蒙基地仓', 13598.00000, 439.00000, '2026-03-15', 0.00000, '待检:2499,合格:31238', 1554.00000, 2499.00000, 31238.00000, 'MOCK_WH_S03,MOCK_WH_S06', '2026-03:13598'),
('2026-03-31', 'NFBU', 'MOCK_YLP001', '金领冠珍护1段婴儿配方奶粉(测试)', 133.87500, '金领冠珍护系列', 'MOCK_WH_B04', '武汉基地仓', 11332.00000, 366.00000, '2026-03-15', 0.00000, '待检:2142,合格:26775', 1295.00000, 2142.00000, 26775.00000, 'MOCK_WH_S03,MOCK_WH_S06', '2026-03:11332'),
('2026-04-30', 'NFBU', 'MOCK_YLP001', '金领冠珍护1段婴儿配方奶粉(测试)', 230.10000, '金领冠珍护系列', 'MOCK_WH_B01', '呼市基地仓', 20397.00000, 680.00000, '2026-04-15', 0.00000, '待检:3682,合格:46020', 2331.00000, 3682.00000, 46020.00000, 'MOCK_WH_S03,MOCK_WH_S06', '2026-04:20397'),
('2026-04-30', 'NFBU', 'MOCK_YLP001', '金领冠珍护1段婴儿配方奶粉(测试)', 123.90000, '金领冠珍护系列', 'MOCK_WH_B02', '天津基地仓', 9662.00000, 322.00000, '2026-04-15', 0.00000, '待检:1982,合格:24780', 1104.00000, 1982.00000, 24780.00000, 'MOCK_WH_S03,MOCK_WH_S06', '2026-04:9662'),
('2026-04-30', 'NFBU', 'MOCK_YLP001', '金领冠珍护1段婴儿配方奶粉(测试)', 154.87500, '金领冠珍护系列', 'MOCK_WH_B03', '杜蒙基地仓', 12882.00000, 429.00000, '2026-04-15', 0.00000, '待检:2478,合格:30975', 1472.00000, 2478.00000, 30975.00000, 'MOCK_WH_S03,MOCK_WH_S06', '2026-04:12882'),
('2026-04-30', 'NFBU', 'MOCK_YLP001', '金领冠珍护1段婴儿配方奶粉(测试)', 132.75000, '金领冠珍护系列', 'MOCK_WH_B04', '武汉基地仓', 10735.00000, 358.00000, '2026-04-15', 0.00000, '待检:2124,合格:26550', 1227.00000, 2124.00000, 26550.00000, 'MOCK_WH_S03,MOCK_WH_S06', '2026-04:10735'),
('2026-05-31', 'NFBU', 'MOCK_YLP001', '金领冠珍护1段婴儿配方奶粉(测试)', 243.75000, '金领冠珍护系列', 'MOCK_WH_B01', '呼市基地仓', 28329.00000, 914.00000, '2026-05-15', 0.00000, '待检:3900,合格:48750', 3238.00000, 3900.00000, 48750.00000, 'MOCK_WH_S03,MOCK_WH_S06', '2026-05:28329'),
('2026-05-31', 'NFBU', 'MOCK_YLP001', '金领冠珍护1段婴儿配方奶粉(测试)', 131.25000, '金领冠珍护系列', 'MOCK_WH_B02', '天津基地仓', 13419.00000, 433.00000, '2026-05-15', 0.00000, '待检:2100,合格:26250', 1534.00000, 2100.00000, 26250.00000, 'MOCK_WH_S03,MOCK_WH_S06', '2026-05:13419'),
('2026-05-31', 'NFBU', 'MOCK_YLP001', '金领冠珍护1段婴儿配方奶粉(测试)', 164.06000, '金领冠珍护系列', 'MOCK_WH_B03', '杜蒙基地仓', 17892.00000, 577.00000, '2026-05-15', 0.00000, '待检:2625,合格:32812', 2045.00000, 2625.00000, 32812.00000, 'MOCK_WH_S03,MOCK_WH_S06', '2026-05:17892'),
('2026-05-31', 'NFBU', 'MOCK_YLP001', '金领冠珍护1段婴儿配方奶粉(测试)', 140.62500, '金领冠珍护系列', 'MOCK_WH_B04', '武汉基地仓', 14910.00000, 481.00000, '2026-05-15', 0.00000, '待检:2250,合格:28125', 1704.00000, 2250.00000, 28125.00000, 'MOCK_WH_S03,MOCK_WH_S06', '2026-05:14910'),
('2026-06-30', 'NFBU', 'MOCK_YLP001', '金领冠珍护1段婴儿配方奶粉(测试)', 251.55000, '金领冠珍护系列', 'MOCK_WH_B01', '呼市基地仓', 32862.00000, 1095.00000, '2026-06-15', 0.00000, '待检:4025,合格:50310', 3756.00000, 4025.00000, 50310.00000, 'MOCK_WH_S03,MOCK_WH_S06', '2026-06:32862'),
('2026-06-30', 'NFBU', 'MOCK_YLP001', '金领冠珍护1段婴儿配方奶粉(测试)', 135.45000, '金领冠珍护系列', 'MOCK_WH_B02', '天津基地仓', 15566.00000, 519.00000, '2026-06-15', 0.00000, '待检:2167,合格:27090', 1779.00000, 2167.00000, 27090.00000, 'MOCK_WH_S03,MOCK_WH_S06', '2026-06:15566'),
('2026-06-30', 'NFBU', 'MOCK_YLP001', '金领冠珍护1段婴儿配方奶粉(测试)', 169.31000, '金领冠珍护系列', 'MOCK_WH_B03', '杜蒙基地仓', 20755.00000, 692.00000, '2026-06-15', 0.00000, '待检:2709,合格:33862', 2372.00000, 2709.00000, 33862.00000, 'MOCK_WH_S03,MOCK_WH_S06', '2026-06:20755'),
('2026-06-30', 'NFBU', 'MOCK_YLP001', '金领冠珍护1段婴儿配方奶粉(测试)', 145.12500, '金领冠珍护系列', 'MOCK_WH_B04', '武汉基地仓', 17296.00000, 577.00000, '2026-06-15', 0.00000, '待检:2322,合格:29025', 1977.00000, 2322.00000, 29025.00000, 'MOCK_WH_S03,MOCK_WH_S06', '2026-06:17296');

-- =============================================================================
-- 珍护1段 · 9个销售仓 · 月末库存监控 (yl_sales_warehouse_inventory_report)
-- =============================================================================
DELETE FROM yl_sales_warehouse_inventory_report WHERE product_code = 'MOCK_YLP001';

INSERT INTO yl_sales_warehouse_inventory_report (
    adjust_date, business_code, product_code, product_name, weight, pro_series,
    from_site_code, from_site_name, area_plan, order_completion_rate, sell_completion_rate,
    out_put_num, out_put_area, out_put_ec, from_store_transit, from_store_num_d, from_store_num_h,
    from_store_num_lh_d, from_store_num_lh_h, total_unship, ship_gap, order_gap,
    plan_num, sell_num, next_plan_num, avg_plan_num, next_avg_plan_num, big_date, big_date_num
) VALUES
('2025-07-31', 'NFBU', 'MOCK_YLP001', '金领冠珍护1段婴儿配方奶粉(测试)', 16.59000, '金领冠珍护系列', 'MOCK_WH_S01', '合肥销售仓', 4675.00000, '98.0%', '92.1%', 4307.00000, 1808.94000, 2498.06000, 422.00000, 166.00000, 3318.00000, 0.00000, 0.00000, 275.00000, 3043.00000, 3465.00000, 4675.00000, 4582.00000, 4950.00000, 150.80645, 159.67742, '无', 0.00000),
('2025-07-31', 'NFBU', 'MOCK_YLP001', '金领冠珍护1段婴儿配方奶粉(测试)', 45.24000, '金领冠珍护系列', 'MOCK_WH_S02', '天津销售仓', 5100.00000, '72.0%', '68.2%', 3479.00000, 1913.45000, 1565.55000, 0.00000, 452.00000, 9048.00000, 0.00000, 0.00000, 193.00000, 8855.00000, 8855.00000, 5100.00000, 3672.00000, 5400.00000, 164.51613, 174.19355, '2025-02-15', 9048.00000),
('2025-07-31', 'NFBU', 'MOCK_YLP001', '金领冠珍护1段婴儿配方奶粉(测试)', 26.05000, '金领冠珍护系列', 'MOCK_WH_S03', '广州销售仓', 8500.00000, '102.0%', '95.9%', 8150.00000, 2852.50000, 5297.50000, 1316.00000, 260.00000, 5210.00000, 0.00000, 0.00000, 520.00000, 4690.00000, 6006.00000, 8500.00000, 8670.00000, 9000.00000, 274.19355, 290.32258, '无', 0.00000),
('2025-07-31', 'NFBU', 'MOCK_YLP001', '金领冠珍护1段婴儿配方奶粉(测试)', 23.03000, '金领冠珍护系列', 'MOCK_WH_S04', '郑州销售仓', 5950.00000, '100.0%', '94.0%', 5593.00000, 3467.66000, 2125.34000, 576.00000, 230.00000, 4606.00000, 0.00000, 0.00000, 357.00000, 4249.00000, 4825.00000, 5950.00000, 5950.00000, 6300.00000, 191.93548, 203.22581, '无', 0.00000),
('2025-07-31', 'NFBU', 'MOCK_YLP001', '金领冠珍护1段婴儿配方奶粉(测试)', 27.14500, '金领冠珍护系列', 'MOCK_WH_S05', '成都销售仓', 5100.00000, '105.0%', '98.7%', 5034.00000, 2416.32000, 2617.68000, 905.00000, 271.00000, 5429.00000, 0.00000, 0.00000, 321.00000, 5108.00000, 6013.00000, 5100.00000, 5355.00000, 5400.00000, 164.51613, 174.19355, '无', 0.00000),
('2025-07-31', 'NFBU', 'MOCK_YLP001', '金领冠珍护1段婴儿配方奶粉(测试)', 21.44000, '金领冠珍护系列', 'MOCK_WH_S06', '武汉销售仓', 5780.00000, '100.0%', '94.0%', 5433.00000, 2716.50000, 2716.50000, 186.00000, 214.00000, 4288.00000, 0.00000, 0.00000, 347.00000, 3941.00000, 4127.00000, 5780.00000, 5780.00000, 6120.00000, 186.45161, 197.41935, '无', 0.00000),
('2025-07-31', 'NFBU', 'MOCK_YLP001', '金领冠珍护1段婴儿配方奶粉(测试)', 25.29500, '金领冠珍护系列', 'MOCK_WH_S07', '呼市销售仓', 3825.00000, '72.0%', '68.3%', 2612.00000, 1514.96000, 1097.04000, 74.00000, 253.00000, 5059.00000, 0.00000, 0.00000, 142.00000, 4917.00000, 4991.00000, 3825.00000, 2754.00000, 4050.00000, 123.38710, 130.64516, '无', 0.00000),
('2025-07-31', 'NFBU', 'MOCK_YLP001', '金领冠珍护1段婴儿配方奶粉(测试)', 21.59500, '金领冠珍护系列', 'MOCK_WH_S08', '济南销售仓', 6375.00000, '98.0%', '92.1%', 5873.00000, 3053.96000, 2819.04000, 411.00000, 216.00000, 4319.00000, 0.00000, 0.00000, 375.00000, 3944.00000, 4355.00000, 6375.00000, 6248.00000, 6750.00000, 205.64516, 217.74194, '无', 0.00000),
('2025-07-31', 'NFBU', 'MOCK_YLP001', '金领冠珍护1段婴儿配方奶粉(测试)', 14.87500, '金领冠珍护系列', 'MOCK_WH_S09', '柳州销售仓', 2975.00000, '102.0%', '93.8%', 2792.00000, 1675.20000, 1116.80000, 384.00000, 149.00000, 2975.00000, 0.00000, 0.00000, 242.00000, 2733.00000, 3117.00000, 2975.00000, 3034.00000, 3150.00000, 95.96774, 101.61290, '无', 0.00000),
('2025-08-31', 'NFBU', 'MOCK_YLP001', '金领冠珍护1段婴儿配方奶粉(测试)', 17.56500, '金领冠珍护系列', 'MOCK_WH_S01', '合肥销售仓', 4950.00000, '98.0%', '92.1%', 4560.00000, 1915.20000, 2644.80000, 447.00000, 176.00000, 3513.00000, 0.00000, 0.00000, 291.00000, 3222.00000, 3669.00000, 4950.00000, 4851.00000, 5500.00000, 159.67742, 183.33333, '无', 0.00000),
('2025-08-31', 'NFBU', 'MOCK_YLP001', '金领冠珍护1段婴儿配方奶粉(测试)', 47.90500, '金领冠珍护系列', 'MOCK_WH_S02', '天津销售仓', 5400.00000, '72.0%', '68.2%', 3683.00000, 2025.65000, 1657.35000, 0.00000, 479.00000, 9581.00000, 0.00000, 0.00000, 205.00000, 9376.00000, 9376.00000, 5400.00000, 3888.00000, 6000.00000, 174.19355, 200.00000, '2025-02-15', 9581.00000),
('2025-08-31', 'NFBU', 'MOCK_YLP001', '金领冠珍护1段婴儿配方奶粉(测试)', 27.58000, '金领冠珍护系列', 'MOCK_WH_S03', '广州销售仓', 9000.00000, '102.0%', '95.9%', 8629.00000, 3020.15000, 5608.85000, 1394.00000, 276.00000, 5516.00000, 0.00000, 0.00000, 551.00000, 4965.00000, 6359.00000, 9000.00000, 9180.00000, 10000.00000, 290.32258, 333.33333, '无', 0.00000),
('2025-08-31', 'NFBU', 'MOCK_YLP001', '金领冠珍护1段婴儿配方奶粉(测试)', 24.38500, '金领冠珍护系列', 'MOCK_WH_S04', '郑州销售仓', 6300.00000, '100.0%', '94.0%', 5922.00000, 3671.64000, 2250.36000, 610.00000, 244.00000, 4877.00000, 0.00000, 0.00000, 378.00000, 4499.00000, 5109.00000, 6300.00000, 6300.00000, 7000.00000, 203.22581, 233.33333, '无', 0.00000),
('2025-08-31', 'NFBU', 'MOCK_YLP001', '金领冠珍护1段婴儿配方奶粉(测试)', 28.74000, '金领冠珍护系列', 'MOCK_WH_S05', '成都销售仓', 5400.00000, '105.0%', '98.7%', 5330.00000, 2558.40000, 2771.60000, 958.00000, 287.00000, 5748.00000, 0.00000, 0.00000, 340.00000, 5408.00000, 6366.00000, 5400.00000, 5670.00000, 6000.00000, 174.19355, 200.00000, '无', 0.00000),
('2025-08-31', 'NFBU', 'MOCK_YLP001', '金领冠珍护1段婴儿配方奶粉(测试)', 22.70500, '金领冠珍护系列', 'MOCK_WH_S06', '武汉销售仓', 6120.00000, '100.0%', '94.0%', 5753.00000, 2876.50000, 2876.50000, 197.00000, 227.00000, 4541.00000, 0.00000, 0.00000, 367.00000, 4174.00000, 4371.00000, 6120.00000, 6120.00000, 6800.00000, 197.41935, 226.66667, '无', 0.00000),
('2025-08-31', 'NFBU', 'MOCK_YLP001', '金领冠珍护1段婴儿配方奶粉(测试)', 26.78000, '金领冠珍护系列', 'MOCK_WH_S07', '呼市销售仓', 4050.00000, '72.0%', '68.3%', 2766.00000, 1604.28000, 1161.72000, 78.00000, 268.00000, 5356.00000, 0.00000, 0.00000, 150.00000, 5206.00000, 5284.00000, 4050.00000, 2916.00000, 4500.00000, 130.64516, 150.00000, '无', 0.00000),
('2025-08-31', 'NFBU', 'MOCK_YLP001', '金领冠珍护1段婴儿配方奶粉(测试)', 22.86500, '金领冠珍护系列', 'MOCK_WH_S08', '济南销售仓', 6750.00000, '98.0%', '92.1%', 6218.00000, 3233.36000, 2984.64000, 435.00000, 229.00000, 4573.00000, 0.00000, 0.00000, 397.00000, 4176.00000, 4611.00000, 6750.00000, 6615.00000, 7500.00000, 217.74194, 250.00000, '无', 0.00000),
('2025-08-31', 'NFBU', 'MOCK_YLP001', '金领冠珍护1段婴儿配方奶粉(测试)', 15.75000, '金领冠珍护系列', 'MOCK_WH_S09', '柳州销售仓', 3150.00000, '102.0%', '95.9%', 3020.00000, 1812.00000, 1208.00000, 406.00000, 158.00000, 3150.00000, 0.00000, 0.00000, 193.00000, 2957.00000, 3363.00000, 3150.00000, 3213.00000, 3500.00000, 101.61290, 116.66667, '无', 0.00000),
('2025-09-30', 'NFBU', 'MOCK_YLP001', '金领冠珍护1段婴儿配方奶粉(测试)', 20.16500, '金领冠珍护系列', 'MOCK_WH_S01', '合肥销售仓', 5500.00000, '98.0%', '92.1%', 5067.00000, 2128.14000, 2938.86000, 642.00000, 202.00000, 4033.00000, 0.00000, 0.00000, 323.00000, 3710.00000, 4352.00000, 5500.00000, 5390.00000, 5775.00000, 183.33333, 186.29032, '无', 0.00000),
('2025-09-30', 'NFBU', 'MOCK_YLP001', '金领冠珍护1段婴儿配方奶粉(测试)', 38.00000, '金领冠珍护系列', 'MOCK_WH_S02', '天津销售仓', 6000.00000, '88.0%', '82.7%', 4963.00000, 2729.65000, 2233.35000, 240.00000, 380.00000, 7600.00000, 0.00000, 0.00000, 317.00000, 7283.00000, 7523.00000, 6000.00000, 5280.00000, 6300.00000, 200.00000, 203.22581, '2025-02-15', 4560.00000),
('2025-09-30', 'NFBU', 'MOCK_YLP001', '金领冠珍护1段婴儿配方奶粉(测试)', 31.66500, '金领冠珍护系列', 'MOCK_WH_S03', '广州销售仓', 10000.00000, '102.0%', '95.9%', 9588.00000, 3355.80000, 6232.20000, 1833.00000, 317.00000, 6333.00000, 0.00000, 0.00000, 612.00000, 5721.00000, 7554.00000, 10000.00000, 10200.00000, 10500.00000, 333.33333, 338.70968, '无', 0.00000),
('2025-09-30', 'NFBU', 'MOCK_YLP001', '金领冠珍护1段婴儿配方奶粉(测试)', 28.00000, '金领冠珍护系列', 'MOCK_WH_S04', '郑州销售仓', 7000.00000, '100.0%', '94.0%', 6580.00000, 4079.60000, 2500.40000, 700.00000, 280.00000, 5600.00000, 0.00000, 0.00000, 420.00000, 5180.00000, 5880.00000, 7000.00000, 7000.00000, 7350.00000, 233.33333, 237.09677, '无', 0.00000),
('2025-09-30', 'NFBU', 'MOCK_YLP001', '金领冠珍护1段婴儿配方奶粉(测试)', 33.00000, '金领冠珍护系列', 'MOCK_WH_S05', '成都销售仓', 6000.00000, '105.0%', '98.7%', 5922.00000, 2842.56000, 3079.44000, 1100.00000, 330.00000, 6600.00000, 0.00000, 0.00000, 378.00000, 6222.00000, 7322.00000, 6000.00000, 6300.00000, 6300.00000, 200.00000, 203.22581, '无', 0.00000),
('2025-09-30', 'NFBU', 'MOCK_YLP001', '金领冠珍护1段婴儿配方奶粉(测试)', 26.06500, '金领冠珍护系列', 'MOCK_WH_S06', '武汉销售仓', 6800.00000, '100.0%', '94.0%', 6392.00000, 3196.00000, 3196.00000, 227.00000, 261.00000, 5213.00000, 0.00000, 0.00000, 408.00000, 4805.00000, 5032.00000, 6800.00000, 6800.00000, 7140.00000, 226.66667, 230.32258, '无', 0.00000),
('2025-09-30', 'NFBU', 'MOCK_YLP001', '金领冠珍护1段婴儿配方奶粉(测试)', 21.75000, '金领冠珍护系列', 'MOCK_WH_S07', '呼市销售仓', 4500.00000, '88.0%', '82.7%', 3722.00000, 2158.76000, 1563.24000, 150.00000, 218.00000, 4350.00000, 0.00000, 0.00000, 238.00000, 4112.00000, 4262.00000, 4500.00000, 3960.00000, 4725.00000, 150.00000, 152.41935, '无', 0.00000),
('2025-09-30', 'NFBU', 'MOCK_YLP001', '金领冠珍护1段婴儿配方奶粉(测试)', 26.25000, '金领冠珍护系列', 'MOCK_WH_S08', '济南销售仓', 7500.00000, '98.0%', '92.1%', 6909.00000, 3592.68000, 3316.32000, 500.00000, 262.00000, 5250.00000, 0.00000, 0.00000, 441.00000, 4809.00000, 5309.00000, 7500.00000, 7350.00000, 7875.00000, 250.00000, 254.03226, '无', 0.00000),
('2025-09-30', 'NFBU', 'MOCK_YLP001', '金领冠珍护1段婴儿配方奶粉(测试)', 18.08500, '金领冠珍护系列', 'MOCK_WH_S09', '柳州销售仓', 3500.00000, '102.0%', '95.9%', 3356.00000, 2013.60000, 1342.40000, 467.00000, 181.00000, 3617.00000, 0.00000, 0.00000, 214.00000, 3403.00000, 3870.00000, 3500.00000, 3570.00000, 3675.00000, 116.66667, 118.54839, '无', 0.00000),
('2025-10-31', 'NFBU', 'MOCK_YLP001', '金领冠珍护1段婴儿配方奶粉(测试)', 20.49000, '金领冠珍护系列', 'MOCK_WH_S01', '合肥销售仓', 5775.00000, '98.0%', '92.1%', 5320.00000, 2234.40000, 3085.60000, 652.00000, 205.00000, 4098.00000, 0.00000, 0.00000, 340.00000, 3758.00000, 4410.00000, 5775.00000, 5660.00000, 7700.00000, 186.29032, 256.66667, '无', 0.00000),
('2025-10-31', 'NFBU', 'MOCK_YLP001', '金领冠珍护1段婴儿配方奶粉(测试)', 38.61500, '金领冠珍护系列', 'MOCK_WH_S02', '天津销售仓', 6300.00000, '88.0%', '82.7%', 5211.00000, 2866.05000, 2344.95000, 244.00000, 386.00000, 7723.00000, 0.00000, 0.00000, 333.00000, 7390.00000, 7634.00000, 6300.00000, 5544.00000, 8400.00000, 203.22581, 280.00000, '2025-02-15', 4633.00000),
('2025-10-31', 'NFBU', 'MOCK_YLP001', '金领冠珍护1段婴儿配方奶粉(测试)', 32.17500, '金领冠珍护系列', 'MOCK_WH_S03', '广州销售仓', 10500.00000, '102.0%', '95.9%', 10067.00000, 3523.45000, 6543.55000, 1863.00000, 322.00000, 6435.00000, 0.00000, 0.00000, 643.00000, 5792.00000, 7655.00000, 10500.00000, 10710.00000, 14000.00000, 338.70968, 466.66667, '无', 0.00000),
('2025-10-31', 'NFBU', 'MOCK_YLP001', '金领冠珍护1段婴儿配方奶粉(测试)', 28.45000, '金领冠珍护系列', 'MOCK_WH_S04', '郑州销售仓', 7350.00000, '100.0%', '94.0%', 6909.00000, 4283.58000, 2625.42000, 711.00000, 284.00000, 5690.00000, 0.00000, 0.00000, 441.00000, 5249.00000, 5960.00000, 7350.00000, 7350.00000, 9800.00000, 237.09677, 326.66667, '无', 0.00000),
('2025-10-31', 'NFBU', 'MOCK_YLP001', '金领冠珍护1段婴儿配方奶粉(测试)', 33.53000, '金领冠珍护系列', 'MOCK_WH_S05', '成都销售仓', 6300.00000, '105.0%', '98.7%', 6218.00000, 2984.64000, 3233.36000, 1118.00000, 335.00000, 6706.00000, 0.00000, 0.00000, 397.00000, 6309.00000, 7427.00000, 6300.00000, 6615.00000, 8400.00000, 203.22581, 280.00000, '无', 0.00000),
('2025-10-31', 'NFBU', 'MOCK_YLP001', '金领冠珍护1段婴儿配方奶粉(测试)', 26.48500, '金领冠珍护系列', 'MOCK_WH_S06', '武汉销售仓', 7140.00000, '100.0%', '94.0%', 6712.00000, 3356.00000, 3356.00000, 230.00000, 265.00000, 5297.00000, 0.00000, 0.00000, 428.00000, 4869.00000, 5099.00000, 7140.00000, 7140.00000, 9520.00000, 230.32258, 317.33333, '无', 0.00000),
('2025-10-31', 'NFBU', 'MOCK_YLP001', '金领冠珍护1段婴儿配方奶粉(测试)', 22.10000, '金领冠珍护系列', 'MOCK_WH_S07', '呼市销售仓', 4725.00000, '88.0%', '82.7%', 3909.00000, 2267.22000, 1641.78000, 152.00000, 221.00000, 4420.00000, 0.00000, 0.00000, 249.00000, 4171.00000, 4323.00000, 4725.00000, 4158.00000, 6300.00000, 152.41935, 210.00000, '无', 0.00000),
('2025-10-31', 'NFBU', 'MOCK_YLP001', '金领冠珍护1段婴儿配方奶粉(测试)', 26.67500, '金领冠珍护系列', 'MOCK_WH_S08', '济南销售仓', 7875.00000, '98.0%', '92.1%', 7255.00000, 3772.60000, 3482.40000, 508.00000, 267.00000, 5335.00000, 0.00000, 0.00000, 463.00000, 4872.00000, 5380.00000, 7875.00000, 7718.00000, 10500.00000, 254.03226, 350.00000, '无', 0.00000),
('2025-10-31', 'NFBU', 'MOCK_YLP001', '金领冠珍护1段婴儿配方奶粉(测试)', 18.37500, '金领冠珍护系列', 'MOCK_WH_S09', '柳州销售仓', 3675.00000, '102.0%', '95.9%', 3523.00000, 2113.80000, 1409.20000, 474.00000, 184.00000, 3675.00000, 0.00000, 0.00000, 225.00000, 3450.00000, 3924.00000, 3675.00000, 3748.00000, 4900.00000, 118.54839, 163.33333, '无', 0.00000),
('2025-11-30', 'NFBU', 'MOCK_YLP001', '金领冠珍护1段婴儿配方奶粉(测试)', 25.66500, '金领冠珍护系列', 'MOCK_WH_S01', '合肥销售仓', 7700.00000, '125.0%', '116.4%', 8961.00000, 3763.62000, 5197.38000, 1283.00000, 257.00000, 5133.00000, 0.00000, 0.00000, 664.00000, 4469.00000, 5752.00000, 7700.00000, 9625.00000, 6325.00000, 256.66667, 204.03226, '无', 0.00000),
('2025-11-30', 'NFBU', 'MOCK_YLP001', '金领冠珍护1段婴儿配方奶粉(测试)', 53.20000, '金领冠珍护系列', 'MOCK_WH_S02', '天津销售仓', 8400.00000, '88.0%', '82.7%', 6948.00000, 3821.40000, 3126.60000, 756.00000, 532.00000, 10640.00000, 0.00000, 0.00000, 444.00000, 10196.00000, 10952.00000, 8400.00000, 7392.00000, 6900.00000, 280.00000, 222.58065, '2025-02-15', 6384.00000),
('2025-11-30', 'NFBU', 'MOCK_YLP001', '金领冠珍护1段婴儿配方奶粉(测试)', 39.66500, '金领冠珍护系列', 'MOCK_WH_S03', '广州销售仓', 14000.00000, '125.0%', '115.9%', 16231.00000, 5680.85000, 10550.15000, 3267.00000, 397.00000, 7933.00000, 0.00000, 0.00000, 1269.00000, 6664.00000, 9931.00000, 14000.00000, 17500.00000, 11500.00000, 466.66667, 370.96774, '无', 0.00000),
('2025-11-30', 'NFBU', 'MOCK_YLP001', '金领冠珍护1段婴儿配方奶粉(测试)', 39.20000, '金领冠珍护系列', 'MOCK_WH_S04', '郑州销售仓', 9800.00000, '100.0%', '94.0%', 9212.00000, 5711.44000, 3500.56000, 1470.00000, 392.00000, 7840.00000, 0.00000, 0.00000, 588.00000, 7252.00000, 8722.00000, 9800.00000, 9800.00000, 8050.00000, 326.66667, 259.67742, '无', 0.00000),
('2025-11-30', 'NFBU', 'MOCK_YLP001', '金领冠珍护1段婴儿配方奶粉(测试)', 43.40000, '金领冠珍护系列', 'MOCK_WH_S05', '成都销售仓', 8400.00000, '125.0%', '116.8%', 9807.00000, 4707.36000, 5099.64000, 2100.00000, 434.00000, 8680.00000, 0.00000, 0.00000, 693.00000, 7987.00000, 10087.00000, 8400.00000, 10500.00000, 6900.00000, 280.00000, 222.58065, '无', 0.00000),
('2025-11-30', 'NFBU', 'MOCK_YLP001', '金领冠珍护1段婴儿配方奶粉(测试)', 33.32000, '金领冠珍护系列', 'MOCK_WH_S06', '武汉销售仓', 9520.00000, '125.0%', '116.9%', 11126.00000, 5563.00000, 5563.00000, 1269.00000, 333.00000, 6664.00000, 0.00000, 0.00000, 774.00000, 5890.00000, 7159.00000, 9520.00000, 11900.00000, 7820.00000, 317.33333, 252.25806, '无', 0.00000),
('2025-11-30', 'NFBU', 'MOCK_YLP001', '金领冠珍护1段婴儿配方奶粉(测试)', 30.45000, '金领冠珍护系列', 'MOCK_WH_S07', '呼市销售仓', 6300.00000, '88.0%', '82.7%', 5211.00000, 3022.38000, 2188.62000, 525.00000, 304.00000, 6090.00000, 0.00000, 0.00000, 333.00000, 5757.00000, 6282.00000, 6300.00000, 5544.00000, 5175.00000, 210.00000, 166.93548, '无', 0.00000),
('2025-11-30', 'NFBU', 'MOCK_YLP001', '金领冠珍护1段婴儿配方奶粉(测试)', 33.25000, '金领冠珍护系列', 'MOCK_WH_S08', '济南销售仓', 10500.00000, '98.0%', '91.7%', 9631.00000, 5008.12000, 4622.88000, 1400.00000, 332.00000, 6650.00000, 0.00000, 0.00000, 659.00000, 5991.00000, 7391.00000, 10500.00000, 10290.00000, 8625.00000, 350.00000, 278.22581, '无', 0.00000),
('2025-11-30', 'NFBU', 'MOCK_YLP001', '金领冠珍护1段婴儿配方奶粉(测试)', 25.31500, '金领冠珍护系列', 'MOCK_WH_S09', '柳州销售仓', 4900.00000, '102.0%', '95.9%', 4698.00000, 2818.80000, 1879.20000, 898.00000, 253.00000, 5063.00000, 0.00000, 0.00000, 300.00000, 4763.00000, 5661.00000, 4900.00000, 4998.00000, 4025.00000, 163.33333, 129.83871, '无', 0.00000),
('2025-12-31', 'NFBU', 'MOCK_YLP001', '金领冠珍护1段婴儿配方奶粉(测试)', 25.50500, '金领冠珍护系列', 'MOCK_WH_S01', '合肥销售仓', 6325.00000, '98.0%', '92.1%', 5826.00000, 2446.92000, 3379.08000, 714.00000, 255.00000, 5101.00000, 0.00000, 0.00000, 372.00000, 4729.00000, 5443.00000, 6325.00000, 6198.00000, 7425.00000, 204.03226, 239.51613, '无', 0.00000),
('2025-12-31', 'NFBU', 'MOCK_YLP001', '金领冠珍护1段婴儿配方奶粉(测试)', 42.29000, '金领冠珍护系列', 'MOCK_WH_S02', '天津销售仓', 6900.00000, '88.0%', '82.7%', 5708.00000, 3139.40000, 2568.60000, 267.00000, 423.00000, 8458.00000, 0.00000, 0.00000, 364.00000, 8094.00000, 8361.00000, 6900.00000, 6072.00000, 8100.00000, 222.58065, 261.29032, '2025-02-15', 4059.00000),
('2025-12-31', 'NFBU', 'MOCK_YLP001', '金领冠珍护1段婴儿配方奶粉(测试)', 40.80500, '金领冠珍护系列', 'MOCK_WH_S03', '广州销售仓', 11500.00000, '102.0%', '95.9%', 11026.00000, 3859.10000, 7166.90000, 2040.00000, 408.00000, 8161.00000, 0.00000, 0.00000, 704.00000, 7457.00000, 9497.00000, 11500.00000, 11730.00000, 13500.00000, 370.96774, 435.48387, '无', 0.00000),
('2025-12-31', 'NFBU', 'MOCK_YLP001', '金领冠珍护1段婴儿配方奶粉(测试)', 35.05500, '金领冠珍护系列', 'MOCK_WH_S04', '郑州销售仓', 8050.00000, '100.0%', '94.0%', 7567.00000, 4691.54000, 2875.46000, 779.00000, 351.00000, 7011.00000, 0.00000, 0.00000, 483.00000, 6528.00000, 7307.00000, 8050.00000, 8050.00000, 9450.00000, 259.67742, 304.83871, '无', 0.00000),
('2025-12-31', 'NFBU', 'MOCK_YLP001', '金领冠珍护1段婴儿配方奶粉(测试)', 40.06500, '金领冠珍护系列', 'MOCK_WH_S05', '成都销售仓', 6900.00000, '105.0%', '98.7%', 6810.00000, 3268.80000, 3541.20000, 1224.00000, 401.00000, 8013.00000, 0.00000, 0.00000, 435.00000, 7578.00000, 8802.00000, 6900.00000, 7245.00000, 8100.00000, 222.58065, 261.29032, '无', 0.00000),
('2025-12-31', 'NFBU', 'MOCK_YLP001', '金领冠珍护1段婴儿配方奶粉(测试)', 32.79500, '金领冠珍护系列', 'MOCK_WH_S06', '武汉销售仓', 7820.00000, '100.0%', '94.0%', 7351.00000, 3675.50000, 3675.50000, 252.00000, 328.00000, 6559.00000, 0.00000, 0.00000, 469.00000, 6090.00000, 6342.00000, 7820.00000, 7820.00000, 9180.00000, 252.25806, 296.12903, '无', 0.00000),
('2025-12-31', 'NFBU', 'MOCK_YLP001', '金领冠珍护1段婴儿配方奶粉(测试)', 26.71000, '金领冠珍护系列', 'MOCK_WH_S07', '呼市销售仓', 5175.00000, '88.0%', '82.7%', 4281.00000, 2482.98000, 1798.02000, 167.00000, 267.00000, 5342.00000, 0.00000, 0.00000, 273.00000, 5069.00000, 5236.00000, 5175.00000, 4554.00000, 6075.00000, 166.93548, 195.96774, '无', 0.00000),
('2025-12-31', 'NFBU', 'MOCK_YLP001', '金领冠珍护1段婴儿配方奶粉(测试)', 33.38500, '金领冠珍护系列', 'MOCK_WH_S08', '济南销售仓', 8625.00000, '98.0%', '92.1%', 7945.00000, 4131.40000, 3813.60000, 1113.00000, 334.00000, 6677.00000, 0.00000, 0.00000, 507.00000, 6170.00000, 7283.00000, 8625.00000, 8452.00000, 10125.00000, 278.22581, 326.61290, '无', 0.00000),
('2025-12-31', 'NFBU', 'MOCK_YLP001', '金领冠珍护1段婴儿配方奶粉(测试)', 22.07500, '金领冠珍护系列', 'MOCK_WH_S09', '柳州销售仓', 4025.00000, '102.0%', '95.9%', 3860.00000, 2316.00000, 1544.00000, 519.00000, 221.00000, 4415.00000, 0.00000, 0.00000, 246.00000, 4169.00000, 4688.00000, 4025.00000, 4106.00000, 4725.00000, 129.83871, 152.41935, '无', 0.00000),
('2026-01-31', 'NFBU', 'MOCK_YLP001', '金领冠珍护1段婴儿配方奶粉(测试)', 32.33500, '金领冠珍护系列', 'MOCK_WH_S01', '合肥销售仓', 7425.00000, '105.8%', '99.5%', 7387.00000, 3102.54000, 4284.46000, 958.00000, 323.00000, 6467.00000, 0.00000, 0.00000, 472.00000, 5995.00000, 6953.00000, 7425.00000, 7859.00000, 6600.00000, 239.51613, 235.71429, '无', 0.00000),
('2026-01-31', 'NFBU', 'MOCK_YLP001', '金领冠珍护1段婴儿配方奶粉(测试)', 41.80500, '金领冠珍护系列', 'MOCK_WH_S02', '天津销售仓', 8100.00000, '95.0%', '89.3%', 7236.00000, 3979.80000, 3256.20000, 444.00000, 418.00000, 8361.00000, 0.00000, 0.00000, 462.00000, 7899.00000, 8343.00000, 8100.00000, 7698.00000, 7200.00000, 261.29032, 257.14286, '2025-02-15', 4180.00000),
('2026-01-31', 'NFBU', 'MOCK_YLP001', '金领冠珍护1段婴儿配方奶粉(测试)', 52.26000, '金领冠珍护系列', 'MOCK_WH_S03', '广州销售仓', 13500.00000, '110.2%', '103.6%', 13980.00000, 4893.00000, 9087.00000, 2613.00000, 523.00000, 10452.00000, 0.00000, 0.00000, 892.00000, 9560.00000, 12173.00000, 13500.00000, 14872.00000, 12000.00000, 435.48387, 428.57143, '无', 0.00000),
('2026-01-31', 'NFBU', 'MOCK_YLP001', '金领冠珍护1段婴儿配方奶粉(测试)', 44.20000, '金领冠珍护系列', 'MOCK_WH_S04', '郑州销售仓', 9450.00000, '108.0%', '101.5%', 9594.00000, 5948.28000, 3645.72000, 1219.00000, 442.00000, 8840.00000, 0.00000, 0.00000, 612.00000, 8228.00000, 9447.00000, 9450.00000, 10206.00000, 8400.00000, 304.83871, 300.00000, '无', 0.00000),
('2026-01-31', 'NFBU', 'MOCK_YLP001', '金领冠珍护1段婴儿配方奶粉(测试)', 47.03000, '金领冠珍护系列', 'MOCK_WH_S05', '成都销售仓', 8100.00000, '113.4%', '106.6%', 8634.00000, 4144.32000, 4489.68000, 1960.00000, 470.00000, 9406.00000, 0.00000, 0.00000, 551.00000, 8855.00000, 10815.00000, 8100.00000, 9185.00000, 7200.00000, 261.29032, 257.14286, '无', 0.00000),
('2026-01-31', 'NFBU', 'MOCK_YLP001', '金领冠珍护1段婴儿配方奶粉(测试)', 41.46000, '金领冠珍护系列', 'MOCK_WH_S06', '武汉销售仓', 9180.00000, '108.0%', '101.5%', 9319.00000, 4659.50000, 4659.50000, 1185.00000, 415.00000, 8292.00000, 0.00000, 0.00000, 595.00000, 7697.00000, 8882.00000, 9180.00000, 9914.00000, 8160.00000, 296.12903, 291.42857, '无', 0.00000),
('2026-01-31', 'NFBU', 'MOCK_YLP001', '金领冠珍护1段婴儿配方奶粉(测试)', 31.35500, '金领冠珍护系列', 'MOCK_WH_S07', '呼市销售仓', 6075.00000, '95.0%', '89.3%', 5428.00000, 3148.24000, 2279.76000, 294.00000, 314.00000, 6271.00000, 0.00000, 0.00000, 346.00000, 5925.00000, 6219.00000, 6075.00000, 5774.00000, 5400.00000, 195.96774, 192.85714, '无', 0.00000),
('2026-01-31', 'NFBU', 'MOCK_YLP001', '金领冠珍护1段婴儿配方奶粉(测试)', 42.46000, '金领冠珍护系列', 'MOCK_WH_S08', '济南销售仓', 10125.00000, '105.8%', '99.5%', 10073.00000, 5237.96000, 4835.04000, 1306.00000, 425.00000, 8492.00000, 0.00000, 0.00000, 643.00000, 7849.00000, 9155.00000, 10125.00000, 10716.00000, 9000.00000, 326.61290, 321.42857, '无', 0.00000),
('2026-01-31', 'NFBU', 'MOCK_YLP001', '金领冠珍护1段婴儿配方奶粉(测试)', 27.43500, '金领冠珍护系列', 'MOCK_WH_S09', '柳州销售仓', 4725.00000, '110.2%', '103.6%', 4893.00000, 2935.80000, 1957.20000, 686.00000, 274.00000, 5487.00000, 0.00000, 0.00000, 312.00000, 5175.00000, 5861.00000, 4725.00000, 5205.00000, 4200.00000, 152.41935, 150.00000, '无', 0.00000),
('2026-02-28', 'NFBU', 'MOCK_YLP001', '金领冠珍护1段婴儿配方奶粉(测试)', 31.82000, '金领冠珍护系列', 'MOCK_WH_S01', '合肥销售仓', 6600.00000, '105.8%', '99.5%', 6566.00000, 2757.72000, 3808.28000, 943.00000, 318.00000, 6364.00000, 0.00000, 0.00000, 419.00000, 5945.00000, 6888.00000, 6600.00000, 6985.00000, 5225.00000, 235.71429, 168.54839, '无', 0.00000),
('2026-02-28', 'NFBU', 'MOCK_YLP001', '金领冠珍护1段婴儿配方奶粉(测试)', 41.14500, '金领冠珍护系列', 'MOCK_WH_S02', '天津销售仓', 7200.00000, '95.0%', '89.3%', 6432.00000, 3537.60000, 2894.40000, 437.00000, 411.00000, 8229.00000, 0.00000, 0.00000, 411.00000, 7818.00000, 8255.00000, 7200.00000, 6843.00000, 5700.00000, 257.14286, 183.87097, '2025-02-15', 4114.00000),
('2026-02-28', 'NFBU', 'MOCK_YLP001', '金领冠珍护1段婴儿配方奶粉(测试)', 51.43000, '金领冠珍护系列', 'MOCK_WH_S03', '广州销售仓', 12000.00000, '110.2%', '103.6%', 12426.00000, 4349.10000, 8076.90000, 2571.00000, 514.00000, 10286.00000, 0.00000, 0.00000, 793.00000, 9493.00000, 12064.00000, 12000.00000, 13219.00000, 9500.00000, 428.57143, 306.45161, '无', 0.00000),
('2026-02-28', 'NFBU', 'MOCK_YLP001', '金领冠珍护1段婴儿配方奶粉(测试)', 43.50000, '金领冠珍护系列', 'MOCK_WH_S04', '郑州销售仓', 8400.00000, '108.0%', '101.5%', 8528.00000, 5287.36000, 3240.64000, 1200.00000, 435.00000, 8700.00000, 0.00000, 0.00000, 544.00000, 8156.00000, 9356.00000, 8400.00000, 9072.00000, 6650.00000, 300.00000, 214.51613, '无', 0.00000),
('2026-02-28', 'NFBU', 'MOCK_YLP001', '金领冠珍护1段婴儿配方奶粉(测试)', 46.28500, '金领冠珍护系列', 'MOCK_WH_S05', '成都销售仓', 7200.00000, '113.4%', '106.6%', 7675.00000, 3684.00000, 3991.00000, 1929.00000, 463.00000, 9257.00000, 0.00000, 0.00000, 490.00000, 8767.00000, 10696.00000, 7200.00000, 8165.00000, 5700.00000, 257.14286, 183.87097, '无', 0.00000),
('2026-02-28', 'NFBU', 'MOCK_YLP001', '金领冠珍护1段婴儿配方奶粉(测试)', 40.80000, '金领冠珍护系列', 'MOCK_WH_S06', '武汉销售仓', 8160.00000, '108.0%', '101.5%', 8284.00000, 4142.00000, 4142.00000, 1166.00000, 408.00000, 8160.00000, 0.00000, 0.00000, 529.00000, 7631.00000, 8797.00000, 8160.00000, 8813.00000, 6460.00000, 291.42857, 208.38710, '无', 0.00000),
('2026-02-28', 'NFBU', 'MOCK_YLP001', '金领冠珍护1段婴儿配方奶粉(测试)', 30.85500, '金领冠珍护系列', 'MOCK_WH_S07', '呼市销售仓', 5400.00000, '95.0%', '89.3%', 4824.00000, 2797.92000, 2026.08000, 289.00000, 309.00000, 6171.00000, 0.00000, 0.00000, 308.00000, 5863.00000, 6152.00000, 5400.00000, 5132.00000, 4275.00000, 192.85714, 137.90323, '无', 0.00000),
('2026-02-28', 'NFBU', 'MOCK_YLP001', '金领冠珍护1段婴儿配方奶粉(测试)', 41.78500, '金领冠珍护系列', 'MOCK_WH_S08', '济南销售仓', 9000.00000, '105.8%', '99.5%', 8954.00000, 4656.08000, 4297.92000, 1286.00000, 418.00000, 8357.00000, 0.00000, 0.00000, 572.00000, 7785.00000, 9071.00000, 9000.00000, 9526.00000, 7125.00000, 321.42857, 229.83871, '无', 0.00000),
('2026-02-28', 'NFBU', 'MOCK_YLP001', '金领冠珍护1段婴儿配方奶粉(测试)', 27.00000, '金领冠珍护系列', 'MOCK_WH_S09', '柳州销售仓', 4200.00000, '110.2%', '103.5%', 4349.00000, 2609.40000, 1739.60000, 675.00000, 270.00000, 5400.00000, 0.00000, 0.00000, 278.00000, 5122.00000, 5797.00000, 4200.00000, 4627.00000, 3325.00000, 150.00000, 107.25806, '无', 0.00000),
('2026-03-31', 'NFBU', 'MOCK_YLP001', '金领冠珍护1段婴儿配方奶粉(测试)', 18.54000, '金领冠珍护系列', 'MOCK_WH_S01', '合肥销售仓', 5225.00000, '98.0%', '92.1%', 4813.00000, 2021.46000, 2791.54000, 590.00000, 185.00000, 3708.00000, 0.00000, 0.00000, 307.00000, 3401.00000, 3991.00000, 5225.00000, 5120.00000, 4950.00000, 168.54839, 165.00000, '无', 0.00000),
('2026-03-31', 'NFBU', 'MOCK_YLP001', '金领冠珍护1段婴儿配方奶粉(测试)', 29.42000, '金领冠珍护系列', 'MOCK_WH_S02', '天津销售仓', 5700.00000, '88.0%', '82.7%', 4715.00000, 2593.25000, 2121.75000, 221.00000, 294.00000, 5884.00000, 0.00000, 0.00000, 301.00000, 5583.00000, 5804.00000, 5700.00000, 5016.00000, 5400.00000, 183.87097, 180.00000, '2025-02-15', 2942.00000),
('2026-03-31', 'NFBU', 'MOCK_YLP001', '金领冠珍护1段婴儿配方奶粉(测试)', 29.11500, '金领冠珍护系列', 'MOCK_WH_S03', '广州销售仓', 9500.00000, '102.0%', '95.9%', 9109.00000, 3188.15000, 5920.85000, 1685.00000, 291.00000, 5823.00000, 0.00000, 0.00000, 581.00000, 5242.00000, 6927.00000, 9500.00000, 9690.00000, 9000.00000, 306.45161, 300.00000, '无', 0.00000),
('2026-03-31', 'NFBU', 'MOCK_YLP001', '金领冠珍护1段婴儿配方奶粉(测试)', 25.74000, '金领冠珍护系列', 'MOCK_WH_S04', '郑州销售仓', 6650.00000, '100.0%', '94.0%', 6251.00000, 3875.62000, 2375.38000, 644.00000, 257.00000, 5148.00000, 0.00000, 0.00000, 399.00000, 4749.00000, 5393.00000, 6650.00000, 6650.00000, 6300.00000, 214.51613, 210.00000, '无', 0.00000),
('2026-03-31', 'NFBU', 'MOCK_YLP001', '金领冠珍护1段婴儿配方奶粉(测试)', 30.34000, '金领冠珍护系列', 'MOCK_WH_S05', '成都销售仓', 5700.00000, '105.0%', '98.7%', 5626.00000, 2700.48000, 2925.52000, 1011.00000, 303.00000, 6068.00000, 0.00000, 0.00000, 359.00000, 5709.00000, 6720.00000, 5700.00000, 5985.00000, 5400.00000, 183.87097, 180.00000, '无', 0.00000),
('2026-03-31', 'NFBU', 'MOCK_YLP001', '金领冠珍护1段婴儿配方奶粉(测试)', 23.96500, '金领冠珍护系列', 'MOCK_WH_S06', '武汉销售仓', 6460.00000, '100.0%', '94.0%', 6072.00000, 3036.00000, 3036.00000, 208.00000, 240.00000, 4793.00000, 0.00000, 0.00000, 388.00000, 4405.00000, 4613.00000, 6460.00000, 6460.00000, 6120.00000, 208.38710, 204.00000, '无', 0.00000),
('2026-03-31', 'NFBU', 'MOCK_YLP001', '金领冠珍护1段婴儿配方奶粉(测试)', 19.99500, '金领冠珍护系列', 'MOCK_WH_S07', '呼市销售仓', 4275.00000, '88.0%', '82.7%', 3536.00000, 2050.88000, 1485.12000, 138.00000, 200.00000, 3999.00000, 0.00000, 0.00000, 226.00000, 3773.00000, 3911.00000, 4275.00000, 3762.00000, 4050.00000, 137.90323, 135.00000, '无', 0.00000),
('2026-03-31', 'NFBU', 'MOCK_YLP001', '金领冠珍护1段婴儿配方奶粉(测试)', 24.13500, '金领冠珍护系列', 'MOCK_WH_S08', '济南销售仓', 7125.00000, '98.0%', '92.1%', 6563.00000, 3412.76000, 3150.24000, 460.00000, 241.00000, 4827.00000, 0.00000, 0.00000, 419.00000, 4408.00000, 4868.00000, 7125.00000, 6982.00000, 6750.00000, 229.83871, 225.00000, '无', 0.00000),
('2026-03-31', 'NFBU', 'MOCK_YLP001', '金领冠珍护1段婴儿配方奶粉(测试)', 16.62500, '金领冠珍护系列', 'MOCK_WH_S09', '柳州销售仓', 3325.00000, '102.0%', '95.9%', 3188.00000, 1912.80000, 1275.20000, 429.00000, 166.00000, 3325.00000, 0.00000, 0.00000, 204.00000, 3121.00000, 3550.00000, 3325.00000, 3392.00000, 3150.00000, 107.25806, 105.00000, '无', 0.00000),
('2026-04-30', 'NFBU', 'MOCK_YLP001', '金领冠珍护1段婴儿配方奶粉(测试)', 18.15000, '金领冠珍护系列', 'MOCK_WH_S01', '合肥销售仓', 4950.00000, '98.0%', '92.1%', 4560.00000, 1915.20000, 2644.80000, 578.00000, 182.00000, 3630.00000, 0.00000, 0.00000, 291.00000, 3339.00000, 3917.00000, 4950.00000, 4851.00000, 6875.00000, 165.00000, 221.77419, '无', 0.00000),
('2026-04-30', 'NFBU', 'MOCK_YLP001', '金领冠珍护1段婴儿配方奶粉(测试)', 23.40000, '金领冠珍护系列', 'MOCK_WH_S02', '天津销售仓', 5400.00000, '88.0%', '82.7%', 4467.00000, 2456.85000, 2010.15000, 216.00000, 234.00000, 4680.00000, 0.00000, 0.00000, 285.00000, 4395.00000, 4611.00000, 5400.00000, 4752.00000, 7500.00000, 180.00000, 241.93548, '无', 0.00000),
('2026-04-30', 'NFBU', 'MOCK_YLP001', '金领冠珍护1段婴儿配方奶粉(测试)', 28.50000, '金领冠珍护系列', 'MOCK_WH_S03', '广州销售仓', 9000.00000, '102.0%', '95.9%', 8629.00000, 3020.15000, 5608.85000, 1650.00000, 285.00000, 5700.00000, 0.00000, 0.00000, 551.00000, 5149.00000, 6799.00000, 9000.00000, 9180.00000, 12500.00000, 300.00000, 403.22581, '无', 0.00000),
('2026-04-30', 'NFBU', 'MOCK_YLP001', '金领冠珍护1段婴儿配方奶粉(测试)', 25.20000, '金领冠珍护系列', 'MOCK_WH_S04', '郑州销售仓', 6300.00000, '100.0%', '94.0%', 5922.00000, 3671.64000, 2250.36000, 630.00000, 252.00000, 5040.00000, 0.00000, 0.00000, 378.00000, 4662.00000, 5292.00000, 6300.00000, 6300.00000, 8750.00000, 210.00000, 282.25806, '无', 0.00000),
('2026-04-30', 'NFBU', 'MOCK_YLP001', '金领冠珍护1段婴儿配方奶粉(测试)', 29.70000, '金领冠珍护系列', 'MOCK_WH_S05', '成都销售仓', 5400.00000, '105.0%', '98.7%', 5330.00000, 2558.40000, 2771.60000, 990.00000, 297.00000, 5940.00000, 0.00000, 0.00000, 340.00000, 5600.00000, 6590.00000, 5400.00000, 5670.00000, 7500.00000, 180.00000, 241.93548, '无', 0.00000),
('2026-04-30', 'NFBU', 'MOCK_YLP001', '金领冠珍护1段婴儿配方奶粉(测试)', 23.46000, '金领冠珍护系列', 'MOCK_WH_S06', '武汉销售仓', 6120.00000, '100.0%', '94.0%', 5753.00000, 2876.50000, 2876.50000, 204.00000, 235.00000, 4692.00000, 0.00000, 0.00000, 367.00000, 4325.00000, 4529.00000, 6120.00000, 6120.00000, 8500.00000, 204.00000, 274.19355, '无', 0.00000),
('2026-04-30', 'NFBU', 'MOCK_YLP001', '金领冠珍护1段婴儿配方奶粉(测试)', 19.57500, '金领冠珍护系列', 'MOCK_WH_S07', '呼市销售仓', 4050.00000, '88.0%', '82.7%', 3350.00000, 1943.00000, 1407.00000, 135.00000, 196.00000, 3915.00000, 0.00000, 0.00000, 214.00000, 3701.00000, 3836.00000, 4050.00000, 3564.00000, 5625.00000, 135.00000, 181.45161, '无', 0.00000),
('2026-04-30', 'NFBU', 'MOCK_YLP001', '金领冠珍护1段婴儿配方奶粉(测试)', 23.62500, '金领冠珍护系列', 'MOCK_WH_S08', '济南销售仓', 6750.00000, '98.0%', '92.1%', 6218.00000, 3233.36000, 2984.64000, 450.00000, 236.00000, 4725.00000, 0.00000, 0.00000, 397.00000, 4328.00000, 4778.00000, 6750.00000, 6615.00000, 9375.00000, 225.00000, 302.41935, '无', 0.00000),
('2026-04-30', 'NFBU', 'MOCK_YLP001', '金领冠珍护1段婴儿配方奶粉(测试)', 16.27500, '金领冠珍护系列', 'MOCK_WH_S09', '柳州销售仓', 3150.00000, '102.0%', '95.9%', 3020.00000, 1812.00000, 1208.00000, 420.00000, 163.00000, 3255.00000, 0.00000, 0.00000, 193.00000, 3062.00000, 3482.00000, 3150.00000, 3213.00000, 4375.00000, 105.00000, 141.12903, '无', 0.00000),
('2026-05-31', 'NFBU', 'MOCK_YLP001', '金领冠珍护1段婴儿配方奶粉(测试)', 24.39500, '金领冠珍护系列', 'MOCK_WH_S01', '合肥销售仓', 6875.00000, '98.0%', '92.1%', 6334.00000, 2660.28000, 3673.72000, 776.00000, 244.00000, 4879.00000, 0.00000, 0.00000, 404.00000, 4475.00000, 5251.00000, 6875.00000, 6738.00000, 7975.00000, 221.77419, 265.83333, '无', 0.00000),
('2026-05-31', 'NFBU', 'MOCK_YLP001', '金领冠珍护1段婴儿配方奶粉(测试)', 31.45000, '金领冠珍护系列', 'MOCK_WH_S02', '天津销售仓', 7500.00000, '88.0%', '82.7%', 6204.00000, 3412.20000, 2791.80000, 290.00000, 314.00000, 6290.00000, 0.00000, 0.00000, 396.00000, 5894.00000, 6184.00000, 7500.00000, 6600.00000, 8700.00000, 241.93548, 290.00000, '无', 0.00000),
('2026-05-31', 'NFBU', 'MOCK_YLP001', '金领冠珍护1段婴儿配方奶粉(测试)', 1.00000, '金领冠珍护系列', 'MOCK_WH_S03', '广州销售仓', 12500.00000, '118.0%', '80.2%', 10030.00000, 3510.50000, 6519.50000, 8000.00000, 0.00000, 200.00000, 0.00000, 0.00000, 4720.00000, -4520.00000, 3480.00000, 12500.00000, 14750.00000, 14500.00000, 403.22581, 483.33333, '无', 0.00000),
('2026-05-31', 'NFBU', 'MOCK_YLP001', '金领冠珍护1段婴儿配方奶粉(测试)', 33.87000, '金领冠珍护系列', 'MOCK_WH_S04', '郑州销售仓', 8750.00000, '100.0%', '94.0%', 8225.00000, 5099.50000, 3125.50000, 1129.00000, 339.00000, 6774.00000, 0.00000, 0.00000, 525.00000, 6249.00000, 7378.00000, 8750.00000, 8750.00000, 10150.00000, 282.25806, 338.33333, '无', 0.00000),
('2026-05-31', 'NFBU', 'MOCK_YLP001', '金领冠珍护1段婴儿配方奶粉(测试)', 39.92000, '金领冠珍护系列', 'MOCK_WH_S05', '成都销售仓', 7500.00000, '105.0%', '98.7%', 7403.00000, 3553.44000, 3849.56000, 1331.00000, 399.00000, 7984.00000, 0.00000, 0.00000, 472.00000, 7512.00000, 8843.00000, 7500.00000, 7875.00000, 8700.00000, 241.93548, 290.00000, '无', 0.00000),
('2026-05-31', 'NFBU', 'MOCK_YLP001', '金领冠珍护1段婴儿配方奶粉(测试)', 5.50000, '金领冠珍护系列', 'MOCK_WH_S06', '武汉销售仓', 8500.00000, '100.0%', '78.0%', 6630.00000, 3315.00000, 3315.00000, 439.00000, 55.00000, 1100.00000, 0.00000, 0.00000, 1870.00000, -770.00000, -331.00000, 8500.00000, 8500.00000, 9860.00000, 274.19355, 328.66667, '无', 0.00000),
('2026-05-31', 'NFBU', 'MOCK_YLP001', '金领冠珍护1段婴儿配方奶粉(测试)', 26.31000, '金领冠珍护系列', 'MOCK_WH_S07', '呼市销售仓', 5625.00000, '88.0%', '82.7%', 4653.00000, 2698.74000, 1954.26000, 181.00000, 263.00000, 5262.00000, 0.00000, 0.00000, 297.00000, 4965.00000, 5146.00000, 5625.00000, 4950.00000, 6525.00000, 181.45161, 217.50000, '无', 0.00000),
('2026-05-31', 'NFBU', 'MOCK_YLP001', '金领冠珍护1段婴儿配方奶粉(测试)', 31.75500, '金领冠珍护系列', 'MOCK_WH_S08', '济南销售仓', 9375.00000, '98.0%', '92.1%', 8637.00000, 4491.24000, 4145.76000, 1210.00000, 318.00000, 6351.00000, 0.00000, 0.00000, 551.00000, 5800.00000, 7010.00000, 9375.00000, 9188.00000, 10875.00000, 302.41935, 362.50000, '无', 0.00000),
('2026-05-31', 'NFBU', 'MOCK_YLP001', '金领冠珍护1段婴儿配方奶粉(测试)', 1.90000, '金领冠珍护系列', 'MOCK_WH_S09', '柳州销售仓', 4375.00000, '118.0%', '85.0%', 3717.00000, 2230.20000, 1486.80000, 282.00000, 0.00000, 380.00000, 0.00000, 0.00000, 1445.00000, -1065.00000, -783.00000, 4375.00000, 5162.00000, 5075.00000, 141.12903, 169.16667, '无', 0.00000),
('2026-06-30', 'NFBU', 'MOCK_YLP001', '金领冠珍护1段婴儿配方奶粉(测试)', 29.24000, '金领冠珍护系列', 'MOCK_WH_S01', '合肥销售仓', 7975.00000, '98.0%', '92.1%', 7347.00000, 3085.74000, 4261.26000, 930.00000, 292.00000, 5848.00000, 0.00000, 0.00000, 469.00000, 5379.00000, 6309.00000, 7975.00000, 7816.00000, 4675.00000, 265.83333, 150.80645, '无', 0.00000),
('2026-06-30', 'NFBU', 'MOCK_YLP001', '金领冠珍护1段婴儿配方奶粉(测试)', 37.70000, '金领冠珍护系列', 'MOCK_WH_S02', '天津销售仓', 8700.00000, '88.0%', '82.7%', 7197.00000, 3958.35000, 3238.65000, 348.00000, 377.00000, 7540.00000, 0.00000, 0.00000, 459.00000, 7081.00000, 7429.00000, 8700.00000, 7656.00000, 5100.00000, 290.00000, 164.51613, '无', 0.00000),
('2026-06-30', 'NFBU', 'MOCK_YLP001', '金领冠珍护1段婴儿配方奶粉(测试)', 120.00000, '金领冠珍护系列', 'MOCK_WH_S03', '广州销售仓', 14500.00000, '132.0%', '123.7%', 17940.00000, 6279.00000, 11661.00000, 6000.00000, 1200.00000, 24000.00000, 0.00000, 0.00000, 1200.00000, 22800.00000, 28800.00000, 14500.00000, 19140.00000, 8500.00000, 483.33333, 274.19355, '2026-02-20', 4200.00000),
('2026-06-30', 'NFBU', 'MOCK_YLP001', '金领冠珍护1段婴儿配方奶粉(测试)', 40.60000, '金领冠珍护系列', 'MOCK_WH_S04', '郑州销售仓', 10150.00000, '100.0%', '94.0%', 9541.00000, 5915.42000, 3625.58000, 1353.00000, 406.00000, 8120.00000, 0.00000, 0.00000, 609.00000, 7511.00000, 8864.00000, 10150.00000, 10150.00000, 5950.00000, 338.33333, 191.93548, '无', 0.00000),
('2026-06-30', 'NFBU', 'MOCK_YLP001', '金领冠珍护1段婴儿配方奶粉(测试)', 15.00000, '金领冠珍护系列', 'MOCK_WH_S05', '成都销售仓', 8700.00000, '105.0%', '98.7%', 8587.00000, 4121.76000, 4465.24000, 900.00000, 150.00000, 3000.00000, 0.00000, 0.00000, 548.00000, 2452.00000, 3352.00000, 8700.00000, 9135.00000, 5100.00000, 290.00000, 164.51613, '无', 0.00000),
('2026-06-30', 'NFBU', 'MOCK_YLP001', '金领冠珍护1段婴儿配方奶粉(测试)', 18.00000, '金领冠珍护系列', 'MOCK_WH_S06', '武汉销售仓', 9860.00000, '100.0%', '94.0%', 9268.00000, 4634.00000, 4634.00000, 900.00000, 180.00000, 3600.00000, 0.00000, 0.00000, 592.00000, 3008.00000, 3908.00000, 9860.00000, 9860.00000, 5780.00000, 328.66667, 186.45161, '无', 0.00000),
('2026-06-30', 'NFBU', 'MOCK_YLP001', '金领冠珍护1段婴儿配方奶粉(测试)', 31.54000, '金领冠珍护系列', 'MOCK_WH_S07', '呼市销售仓', 6525.00000, '88.0%', '82.7%', 5397.00000, 3130.26000, 2266.74000, 218.00000, 315.00000, 6308.00000, 0.00000, 0.00000, 345.00000, 5963.00000, 6181.00000, 6525.00000, 5742.00000, 3825.00000, 217.50000, 123.38710, '无', 0.00000),
('2026-06-30', 'NFBU', 'MOCK_YLP001', '金领冠珍护1段婴儿配方奶粉(测试)', 100.00000, '金领冠珍护系列', 'MOCK_WH_S08', '济南销售仓', 10875.00000, '98.0%', '92.1%', 10019.00000, 5209.88000, 4809.12000, 2500.00000, 1000.00000, 20000.00000, 0.00000, 0.00000, 639.00000, 19361.00000, 21861.00000, 10875.00000, 10658.00000, 6375.00000, 362.50000, 205.64516, '无', 0.00000),
('2026-06-30', 'NFBU', 'MOCK_YLP001', '金领冠珍护1段婴儿配方奶粉(测试)', 55.00000, '金领冠珍护系列', 'MOCK_WH_S09', '柳州销售仓', 5075.00000, '132.0%', '124.1%', 6297.00000, 3778.20000, 2518.80000, 2500.00000, 550.00000, 11000.00000, 0.00000, 0.00000, 402.00000, 10598.00000, 13098.00000, 5075.00000, 6699.00000, 2975.00000, 169.16667, 95.96774, '无', 0.00000);

-- =============================================================================
-- 珍护1段 · 全国销售仓大盘 · 月末汇总 (yl_national_sales_warehouse_inventory_report)
-- =============================================================================
DELETE FROM yl_national_sales_warehouse_inventory_report WHERE product_code = 'MOCK_YLP001';

INSERT INTO yl_national_sales_warehouse_inventory_report (
    adjust_date, business_code, product_code, product_name, weight, pro_series,
    area_plan, order_completion_rate, sell_completion_rate,
    out_put_num, out_put_area, out_put_ec, from_store_transit,
    from_store_num_d, from_store_num_h, from_store_num_lh_d, from_store_num_lh_h,
    total_unship, ship_gap, order_gap, avg_plan_num, next_avg_plan_num,
    sell_num, plan_num, next_plan_num, xs_big_date_num, jd_big_date_num
) VALUES
('2025-07-31', 'NFBU', 'MOCK_YLP001', '金领冠珍护1段婴儿配方奶粉(测试)', 221.26000, '金领冠珍护系列', 48280.00000, '95.4%', '89.6%', 43273.00000, 22501.96000, 20771.04000, 4274.00000, 2211.00000, 44252.00000, 0.00000, 0.00000, 2772.00000, 41480.00000, 45754.00000, 1557.41935, 1649.03226, 46045.00000, 48280.00000, 51120.00000, 9048.00000, 0.00000),
('2025-08-31', 'NFBU', 'MOCK_YLP001', '金领冠珍护1段婴儿配方奶粉(测试)', 234.27500, '金领冠珍护系列', 51120.00000, '95.4%', '89.8%', 45881.00000, 23858.12000, 22022.88000, 4525.00000, 2344.00000, 46855.00000, 0.00000, 0.00000, 2872.00000, 43983.00000, 48508.00000, 1649.03226, 1893.33333, 48753.00000, 51120.00000, 56800.00000, 9581.00000, 0.00000),
('2025-09-30', 'NFBU', 'MOCK_YLP001', '金领冠珍护1段婴儿配方奶粉(测试)', 242.98000, '金领冠珍护系列', 56800.00000, '98.3%', '92.4%', 52499.00000, 27299.48000, 25199.52000, 5859.00000, 2431.00000, 48596.00000, 0.00000, 0.00000, 3351.00000, 45245.00000, 51104.00000, 1893.33333, 1923.87097, 55850.00000, 56800.00000, 59640.00000, 4560.00000, 0.00000),
('2025-10-31', 'NFBU', 'MOCK_YLP001', '金领冠珍护1段婴儿配方奶粉(测试)', 246.89500, '金领冠珍护系列', 59640.00000, '98.3%', '92.4%', 55124.00000, 28664.48000, 26459.52000, 5952.00000, 2469.00000, 49379.00000, 0.00000, 0.00000, 3519.00000, 45860.00000, 51812.00000, 1923.87097, 2650.66667, 58643.00000, 59640.00000, 79520.00000, 4633.00000, 0.00000),
('2025-11-30', 'NFBU', 'MOCK_YLP001', '金领冠珍护1段婴儿配方奶粉(测试)', 323.46500, '金领冠珍护系列', 79520.00000, '110.1%', '102.9%', 81825.00000, 42549.00000, 39276.00000, 12968.00000, 3234.00000, 64693.00000, 0.00000, 0.00000, 5724.00000, 58969.00000, 71937.00000, 2650.66667, 2107.09677, 87549.00000, 79520.00000, 65320.00000, 6384.00000, 0.00000),
('2025-12-31', 'NFBU', 'MOCK_YLP001', '金领冠珍护1段婴儿配方奶粉(测试)', 298.68500, '金领冠珍护系列', 65320.00000, '98.3%', '92.4%', 60374.00000, 31394.48000, 28979.52000, 7075.00000, 2988.00000, 59737.00000, 0.00000, 0.00000, 3853.00000, 55884.00000, 62959.00000, 2107.09677, 2473.54839, 64227.00000, 65320.00000, 76680.00000, 4059.00000, 0.00000),
('2026-01-31', 'NFBU', 'MOCK_YLP001', '金领冠珍护1段婴儿配方奶粉(测试)', 360.34000, '金领冠珍护系列', 76680.00000, '106.2%', '99.8%', 76544.00000, 39802.88000, 36741.12000, 10665.00000, 3604.00000, 72068.00000, 0.00000, 0.00000, 4885.00000, 67183.00000, 77848.00000, 2473.54839, 2434.28571, 81429.00000, 76680.00000, 68160.00000, 4180.00000, 0.00000),
('2026-02-28', 'NFBU', 'MOCK_YLP001', '金领冠珍护1段婴儿配方奶粉(测试)', 354.62000, '金领冠珍护系列', 68160.00000, '106.2%', '99.8%', 68038.00000, 35379.76000, 32658.24000, 10496.00000, 3546.00000, 70924.00000, 0.00000, 0.00000, 4344.00000, 66580.00000, 77076.00000, 2434.28571, 1740.64516, 72382.00000, 68160.00000, 53960.00000, 4114.00000, 0.00000),
('2026-03-31', 'NFBU', 'MOCK_YLP001', '金领冠珍护1段婴儿配方奶粉(测试)', 217.87500, '金领冠珍护系列', 53960.00000, '98.3%', '92.4%', 49873.00000, 25933.96000, 23939.04000, 5386.00000, 2177.00000, 43575.00000, 0.00000, 0.00000, 3184.00000, 40391.00000, 45777.00000, 1740.64516, 1704.00000, 53057.00000, 53960.00000, 51120.00000, 2942.00000, 0.00000),
('2026-04-30', 'NFBU', 'MOCK_YLP001', '金领冠珍护1段婴儿配方奶粉(测试)', 207.88500, '金领冠珍护系列', 51120.00000, '98.3%', '92.4%', 47249.00000, 24569.48000, 22679.52000, 5273.00000, 2080.00000, 41577.00000, 0.00000, 0.00000, 3016.00000, 38561.00000, 43834.00000, 1704.00000, 2290.32258, 50265.00000, 51120.00000, 71000.00000, 0.00000, 0.00000),
('2026-05-31', 'NFBU', 'MOCK_YLP001', '金领冠珍护1段婴儿配方奶粉(测试)', 196.10000, '金领冠珍护系列', 71000.00000, '102.1%', '87.1%', 61833.00000, 32153.16000, 29679.84000, 13638.00000, 1932.00000, 39220.00000, 0.00000, 0.00000, 10680.00000, 28540.00000, 42178.00000, 2290.32258, 2745.33333, 72513.00000, 71000.00000, 82360.00000, 0.00000, 0.00000),
('2026-06-30', 'NFBU', 'MOCK_YLP001', '金领冠珍护1段婴儿配方奶粉(测试)', 447.08000, '金领冠珍护系列', 82360.00000, '105.5%', '99.1%', 81593.00000, 42428.36000, 39164.64000, 15649.00000, 4470.00000, 89416.00000, 0.00000, 0.00000, 5263.00000, 84153.00000, 99802.00000, 2745.33333, 1557.41935, 86856.00000, 82360.00000, 48280.00000, 4200.00000, 0.00000);
